Harry,Kane,1993-07-28,188,86,117.5,England,FC Bayern München,true,80,95,91,86,89,80,82,69,79,87,64,65,66,94,73,94,87,75,86,89,80,42,94,86,95,92,46,46,38,8,10,11,14,11
Jonah,Kusi-Asare,2007-07-04,196,84,0.8,Sweden,FC Bayern München,false,25,63,66,44,47,59,32,34,42,61,55,66,59,56,56,57,72,57,75,55,49,21,56,50,56,55,17,25,23,10,13,14,5,14
Leroy,Sané,1996-01-11,183,80,42.5,Germany,FC Bayern München,true,79,81,64,81,82,87,83,80,72,85,89,88,87,82,82,86,72,77,67,81,65,34,80,81,65,79,36,32,35,8,12,9,9,14
Kingsley,Coman,1996-06-13,181,75,42.5,France,FC Bayern München,false,80,73,61,80,78,88,83,70,72,87,91,84,91,83,84,82,78,67,66,72,38,23,80,80,65,78,29,27,21,5,3,5,3,5
Gabriel,Vidović,2003-12-01,180,77,2.9,Croatia,FC Bayern München,false,52,68,48,68,58,74,71,56,48,79,69,66,73,65,69,66,58,63,56,72,34,22,62,64,60,66,24,24,21,8,5,9,10,13
Jamal,Musiala,2003-02-26,184,72,133.5,Germany,FC Bayern München,true,67,86,74,86,75,94,75,59,79,84,87,80,94,89,93,80,79,78,59,81,59,65,89,84,61,83,62,64,64,6,9,8,8,11
Thomas,Müller,1989-09-13,185,76,12,Germany,FC Bayern München,false,85,83,79,83,84,78,81,59,79,80,54,59,67,91,69,78,74,77,66,79,62,58,92,87,70,88,57,46,46,6,7,11,14,14
Lennart,Karl,2008-02-22,168,67,1.2,Germany,FC Bayern München,false,62,53,47,60,61,68,65,54,55,67,69,68,69,58,69,66,40,55,26,59,33,28,57,64,62,58,36,32,35,11,6,8,14,12
Michael,Olise,2001-12-12,184,73,75,France,FC Bayern München,true,79,81,36,86,71,87,82,81,79,85,83,74,89,84,85,78,60,75,54,80,67,55,84,87,72,84,58,53,53,9,11,9,10,10
Serge,Gnabry,1995-07-14,176,77,30.5,Germany,FC Bayern München,false,77,84,42,83,83,85,74,62,73,82,84,77,85,82,88,86,68,66,69,80,58,38,84,80,67,82,45,44,43,14,10,10,9,7
Leon,Goretzka,1995-02-06,189,82,35.5,Germany,FC Bayern München,true,74,80,87,82,74,82,76,70,83,80,71,65,74,84,73,83,85,77,87,82,83,84,79,60,82,83,83,84,77,13,8,15,11,9
Joshua,Kimmich,1995-02-08,177,75,78,Germany,FC Bayern München,true,92,68,72,89,69,82,85,79,92,86,75,59,83,88,84,78,77,88,68,83,86,84,78,85,71,86,82,84,84,8,15,7,15,15
João,Palhinha Gonçalves,1995-07-09,190,83,32,Portugal,FC Bayern München,false,60,66,81,77,55,75,66,45,77,76,54,50,51,79,50,81,83,89,88,67,91,85,69,71,57,84,83,86,85,14,10,8,7,7
Aleksandar,Pavlović,2004-05-03,188,76,29,Germany,FC Bayern München,false,74,74,68,86,42,80,74,66,86,80,80,76,70,74,70,64,78,74,66,74,74,76,48,78,50,80,76,78,78,6,9,15,9,7
Raphaël,Guerreiro,1993-12-22,170,71,22,Portugal,FC Bayern München,true,78,42,88,79,77,87,85,78,89,89,76,67,90,84,90,49,79,54,83,55,84,79,86,54,85,86,77,76,79,6,8,11,8,12
Alphonso,Boyle Davies,2000-11-02,185,77,53.5,Canada,FC Bayern München,false,85,64,71,83,59,85,72,44,71,85,96,94,85,84,83,74,94,84,75,63,72,79,77,77,54,78,70,74,73,11,11,6,5,14
Min-jae,Kim,1996-11-15,190,81,36.5,South Korea,FC Bayern München,true,35,23,80,74,24,57,36,23,64,68,73,73,65,82,65,51,82,76,86,37,84,88,48,57,30,66,80,86,84,13,7,11,14,11
Hiroki,Ito,1999-05-12,188,84,17.5,Japan,FC Bayern München,false,48,74,77,45,80,69,52,45,77,75,78,76,83,70,78,86,69,78,64,31,81,56,66,47,76,72,78,77,83,10,10,10,10,13
Eric,Jeremy Edgar Dier,1994-01-15,191,91,14.5,England,FC Bayern München,true,60,52,82,72,51,66,66,67,80,65,39,71,34,73,47,81,81,54,90,71,85,76,48,56,74,71,84,78,77,11,14,6,13,9
Dayot,Oswald Upamecano,1998-10-27,186,90,63.5,France,FC Bayern München,false,49,39,83,79,33,72,36,26,78,76,76,82,66,84,65,64,85,77,87,42,88,86,47,58,39,74,84,84,82,6,7,8,15,9
Tarek,Buchmann,2005-02-28,188,86,0.6,Germany,FC Bayern München,false,25,22,55,50,31,36,34,30,46,41,55,59,50,57,40,47,67,54,75,22,53,57,25,37,43,57,59,67,60,12,9,12,9,6
Konrad,Laimer,1997-05-27,180,72,35,Austria,FC Bayern München,true,76,69,81,60,74,75,70,47,78,77,82,79,76,84,77,74,80,81,71,68,89,87,73,76,54,79,86,81,79,9,12,12,13,12
Sacha,Boey,2000-09-13,178,76,18,France,FC Bayern München,false,65,44,59,73,38,74,60,45,68,75,83,76,84,77,82,69,79,82,75,66,81,79,68,58,49,74,79,78,84,10,11,13,10,6
Josip,Stanišić,2000-04-02,187,77,18.5,Croatia,FC Bayern München,false,72,44,76,74,29,68,67,23,60,73,68,77,66,76,64,52,82,71,75,37,75,78,53,58,37,66,78,79,77,11,6,10,9,12
Manuel,Neuer,1986-03-27,193,93,4.7,Germany,FC Bayern München,true,15,13,25,60,11,30,14,11,67,44,44,46,51,83,35,68,76,43,80,16,29,30,12,68,49,67,10,10,11,81,90,86,82,82
Jonas,Urbig,2003-08-08,189,83,8,Germany,FC Bayern München,false,10,5,13,23,8,6,12,12,28,12,31,33,30,61,36,51,53,24,51,5,27,14,8,36,15,40,8,14,10,71,68,75,76,75
Daniel,Peretz,2000-07-10,190,89,6,Israel,FC Bayern München,false,8,8,11,32,6,14,15,8,30,19,30,42,35,68,39,55,62,30,71,7,22,11,7,41,12,33,9,9,14,75,73,66,77,74
Sven,Ulreich,1988-08-03,192,87,0.4,Germany,FC Bayern München,false,14,12,8,34,13,13,12,15,30,22,41,40,36,73,39,47,60,29,63,11,25,14,8,42,22,45,16,18,14,69,62,73,76,74
Leon,Klanac,2007-03-01,185,78,0.4,Germany,FC Bayern München,false,11,4,12,26,8,7,9,10,24,12,24,31,32,41,42,41,41,23,46,8,29,8,8,25,12,26,9,11,14,59,58,54,49,60
Max,Schmitt,2006-01-18,189,76,0.5,Germany,FC Bayern München,false,14,8,14,28,6,15,12,12,23,16,28,32,34,45,23,46,48,19,41,9,27,8,6,35,14,23,7,11,14,58,56,61,59,63
Anthony,Pavlesic,2006-01-31,190,82,0.4,Australia,FC Bayern München,false,12,6,10,28,8,9,13,10,29,14,30,25,37,51,39,42,53,21,63,9,22,13,6,45,11,34,6,10,13,59,54,56,54,53

Patrik,Schick,1996-01-24,191,87,43.0,Czech Republic,Bayer 04 Leverkusen,true,64,86,88,78,84,81,78,56,64,83,74,74,82,83,67,85,91,69,84,78,65,25,86,75,61,85,44,29,19,11,15,8,9,14
Victor,Boniface,2000-12-23,191,93,46.5,Nigeria,Bayer 04 Leverkusen,false,48,82,78,75,79,84,70,58,60,82,70,75,68,78,60,91,88,67,90,79,79,33,84,74,72,78,38,31,26,14,5,7,7,12
Alejo,Sarco,2006-01-06,179,76,1.5,Argentina,Bayer 04 Leverkusen,false,50,63,60,53,56,59,44,38,47,62,80,78,77,63,79,65,77,58,70,61,45,23,67,54,60,57,22,27,24,12,15,15,5,10
Martin,Terrier,1997-03-04,184,71,19,France,Bayer 04 Leverkusen,false,73,80,75,78,79,80,77,58,72,82,81,83,76,71,79,86,75,75,79,31,57,27,78,77,73,79,34,31,34,12,5,13,5,8
Artem,Stepanov,2007-08-10,192,88,1.1,Ukraine,Bayer 04 Leverkusen,false,40,66,65,48,44,62,45,43,44,60,62,66,51,54,43,68,76,55,77,60,56,14,61,54,59,55,17,22,22,7,6,6,9,14
Amine,Adli,2000-05-10,186,77,20.5,France,Bayer 04 Leverkusen,true,66,79,74,75,67,83,73,52,63,82,87,80,86,76,83,79,92,79,69,72,73,30,78,73,68,71,44,38,35,10,8,14,8,12
Francis,Ikechukwu Onyeka,2007-04-29,186,72,0.8,Germany,Bayer 04 Leverkusen,false,52,59,55,64,55,62,54,53,61,62,60,68,72,55,61,55,60,57,59,52,42,25,51,60,57,57,45,48,53,6,9,15,12,11
Florian,Wirtz,2003-05-03,176,73,143.5,Germany,Bayer 04 Leverkusen,true,87,84,43,91,81,90,83,74,88,92,82,79,87,88,87,78,65,87,59,84,63,47,85,91,66,86,59,49,44,14,14,3,6,10
Jonas,Hofmann,1992-07-14,176,72,14.5,Germany,Bayer 04 Leverkusen,false,78,48,79,85,75,77,77,81,75,79,72,79,82,78,83,66,83,66,76,31,75,82,82,71,79,79,57,57,70,6,6,10,10,10
Alejandro,Grimaldo,1995-09-20,171,68,54.5,Spain,Bayer 04 Leverkusen,true,91,67,62,86,63,84,89,89,85,86,77,71,84,86,86,84,73,90,63,83,69,79,79,85,54,83,76,78,74,7,13,10,7,13
Kerim,Alajbegović,2007-09-21,178,65,0.6,Bosnia and Herzegovina,Bayer 04 Leverkusen,false,54,55,45,54,51,60,50,45,52,57,69,69,54,48,65,53,51,60,50,55,50,25,54,58,50,50,34,41,37,8,10,8,14,13
Aleix,García,1997-06-28,173,68,41.5,Spain,Bayer 04 Leverkusen,true,83,75,51,85,66,84,84,80,88,87,68,66,78,82,85,78,65,78,65,78,65,77,80,86,60,84,79,77,74,16,8,9,10,7
Granit,Xhaka,1992-09-27,185,82,47.5,Switzerland,Bayer 04 Leverkusen,true,77,67,68,89,55,73,80,78,90,83,48,52,51,86,61,90,70,84,78,84,91,79,76,85,65,84,82,79,78,7,8,11,7,13
Exequiel,Palacios,1998-10-05,177,69,55.5,Argentina,Bayer 04 Leverkusen,false,70,73,67,85,63,82,73,54,84,83,71,68,78,84,79,81,73,78,67,79,84,86,79,82,72,83,80,86,80,10,5,8,9,6
Robert,Andrich,1994-09-22,187,83,31,Germany,Bayer 04 Leverkusen,false,71,74,74,80,70,74,80,76,78,76,59,50,63,83,59,84,80,77,84,85,91,84,68,73,62,75,85,86,79,7,9,10,13,15
Jeremie,Frimpong,2000-12-10,171,63,54.5,Netherlands,Bayer 04 Leverkusen,true,82,66,52,78,51,85,77,47,64,84,96,91,89,84,90,62,72,85,56,53,77,78,83,74,43,76,78,78,77,12,7,8,13,14
Nathan,Tella,1999-07-05,173,70,19,Nigeria,Bayer 04 Leverkusen,false,74,77,58,74,73,82,64,45,65,79,90,82,85,66,83,80,71,78,52,70,54,41,78,74,52,73,55,41,30,9,6,8,12,6
Arthur,Augusto de Matos Soares,2003-03-01,174,69,4,Brazil,Bayer 04 Leverkusen,false,74,35,60,73,38,72,64,42,51,76,72,81,77,71,75,43,67,68,55,42,60,63,65,65,46,60,62,64,64,12,5,7,10,12
Emiliano,Buendía Stati,1996-12-25,172,72,11,Argentina,Bayer 04 Leverkusen,false,78,74,75,80,68,81,81,74,78,81,74,65,80,74,78,77,78,54,63,73,83,60,75,80,62,77,67,68,61,11,10,13,7,9
Piero,Martín Hincapié Reyna,2002-01-09,184,77,47.5,Ecuador,Bayer 04 Leverkusen,true,55,40,79,78,33,70,56,32,74,74,79,87,74,82,72,50,88,80,77,31,87,83,58,57,33,76,83,84,88,9,15,10,6,9
Jonathan,Tah,1996-02-11,195,97,68.5,Germany,Bayer 04 Leverkusen,true,39,32,87,78,53,60,37,27,68,69,53,86,49,85,40,60,85,69,92,26,85,83,36,57,38,79,88,89,84,11,8,7,9,14
Mario,Hermoso Canseco,1995-06-18,184,76,19.5,Spain,Bayer 04 Leverkusen,false,71,42,83,79,41,67,68,55,76,76,71,78,70,77,61,66,88,73,80,47,83,79,63,66,45,77,78,81,80,13,8,10,5,8
Nordi,Mukiele Mulere,1997-11-01,187,84,19,France,Bayer 04 Leverkusen,false,71,40,72,71,39,71,68,33,69,74,76,78,65,72,65,67,78,78,79,52,83,81,60,64,45,71,79,80,85,10,7,14,11,15
Jeanuel,Belocian,2005-02-17,182,73,3.5,France,Bayer 04 Leverkusen,false,61,34,69,71,35,63,64,48,68,68,65,70,67,66,68,54,75,59,72,39,71,68,48,56,51,64,69,72,70,13,15,13,15,7
Andrea,Natali,2008-01-28,186,77,0.6,Italy,Bayer 04 Leverkusen,false,46,27,58,62,30,51,40,32,54,55,55,60,50,58,59,46,59,54,58,31,54,58,30,50,40,49,56,61,57,6,8,14,12,5
Ben,Hawighorst,2008-03-01,185,76,0.5,Germany,Bayer 04 Leverkusen,false,42,22,57,52,27,35,37,27,46,50,54,55,45,55,56,47,58,60,59,28,51,60,30,39,40,47,58,60,57,13,8,12,8,15
Edmond,Tapsoba,1999-02-02,192,84,34,Burkina Faso,Bayer 04 Leverkusen,true,39,57,83,80,33,66,54,32,82,74,73,76,66,80,64,74,83,69,83,30,78,85,34,73,77,78,82,87,78,5,10,13,7,15
Othniël,Raterink,2006-04-07,182,73,0.6,Netherlands,Bayer 04 Leverkusen,false,55,44,47,49,34,60,45,34,45,57,68,72,58,56,56,37,55,63,56,30,54,56,57,50,39,45,55,56,55,7,6,9,11,6
Lukáš,Hrádecký,1989-11-24,192,85,6,Finland,Bayer 04 Leverkusen,true,11,11,11,30,9,10,11,15,33,20,38,44,43,82,39,52,60,34,55,14,31,18,9,53,20,45,10,10,13,85,80,69,82,85
Matěj,Kovář,2000-05-17,190,80,9,Czech Republic,Bayer 04 Leverkusen,false,15,9,11,43,10,22,27,11,50,35,26,37,31,68,22,59,54,28,55,6,28,18,7,53,15,63,12,14,10,74,77,78,78,76
Niklas,Lomb,1993-07-28,186,83,0.6,Germany,Bayer 04 Leverkusen,false,15,17,15,26,15,14,17,13,32,20,38,39,47,64,40,48,61,40,68,11,27,17,5,27,14,37,16,12,16,68,58,64,63,70
Simeon,Rapsch,2008-02-09,190,82,0.4,Germany,Bayer 04 Leverkusen,false,13,8,14,23,9,8,11,13,22,13,27,33,43,56,21,39,50,18,56,6,20,12,7,31,16,24,9,11,14,58,53,52,54,60

Serhou,Yadaly Guirassy,1996-03-12,187,82,69.5,Guinea,Borussia Dortmund,true,65,87,86,83,86,83,72,67,71,86,70,71,75,86,77,87,88,78,85,81,75,33,89,79,83,87,42,29,34,11,8,12,8,12
Maximilian,Beier,2002-10-17,185,72,27.5,Germany,Borussia Dortmund,false,65,82,71,75,73,80,74,51,59,82,86,88,81,79,77,74,84,53,76,79,76,84,67,65,70,73,31,21,17,6,8,8,6,13
Karim,David Adeyemi,2002-01-18,180,77,34,Germany,Borussia Dortmund,true,70,73,74,74,71,83,67,62,67,79,96,96,86,80,82,79,90,79,67,73,59,31,79,72,70,76,25,34,49,12,12,7,12,7
Julian,Brandt,1996-05-02,185,83,42.5,Germany,Borussia Dortmund,true,78,77,54,85,81,84,80,79,83,85,67,78,83,82,83,82,69,85,72,78,44,56,82,85,55,85,49,39,54,11,16,11,8,9
Marcel,Sabitzer,1994-03-17,178,76,25.5,Austria,Borussia Dortmund,false,77,77,60,83,83,79,77,78,81,82,76,68,78,84,78,87,71,84,76,83,79,81,82,81,80,84,76,78,70,11,13,14,15,13
Carney,Chukwuemeka,2003-10-20,187,77,12.5,England,Borussia Dortmund,false,69,67,59,55,78,79,67,52,73,78,71,74,75,75,74,68,71,64,68,62,62,71,75,76,74,74,60,58,49,12,12,9,11,10
Daniel,Lucas Svensson,2002-02-12,178,72,11,Sweden,Borussia Dortmund,true,73,49,57,77,48,74,69,57,76,75,78,77,77,75,76,62,81,84,68,60,69,67,68,74,44,75,75,74,76,15,12,12,9,9
Jamie,Bynoe-Gittens,2004-08-08,179,77,27.5,England,Borussia Dortmund,false,73,76,42,63,71,87,72,44,58,80,94,91,77,86,79,64,79,54,68,64,43,29,76,69,53,73,26,22,24,6,5,12,7,8
Julien,Duranville,2006-05-05,170,67,11.8,Belgium,Borussia Dortmund,false,54,61,33,51,62,77,63,55,56,70,87,81,58,87,87,64,53,46,63,43,20,51,55,48,56,71,17,28,23,10,6,9,15,11
Pascal,Groß,1991-06-15,181,78,8.5,Germany,Borussia Dortmund,true,86,73,57,84,68,78,85,78,84,82,50,40,68,83,71,80,65,80,71,75,78,70,81,84,73,84,77,72,69,8,15,15,16,11
Felix,Kalu Nmecha,2000-10-10,194,80,35.5,Germany,Borussia Dortmund,true,59,71,83,80,64,82,67,48,80,81,77,82,77,79,76,80,94,77,88,71,82,77,76,77,55,79,78,83,79,6,10,12,13,8
Kjell,Wätjen,2006-02-16,184,72,2.2,Germany,Borussia Dortmund,false,54,62,47,48,72,55,43,79,73,76,76,74,74,76,74,59,59,71,53,58,62,61,73,49,59,60,60,56,60,9,13,7,11,8
Salih,Özcan,1998-01-11,182,79,6,Turkey,Borussia Dortmund,false,62,59,71,51,73,59,53,72,71,75,75,79,66,74,67,85,85,75,79,53,78,64,67,57,70,75,75,73,74,13,7,9,9,11
Julian,Alfred Ryerson,1997-11-17,183,82,19,Norway,Borussia Dortmund,true,78,62,63,77,55,76,63,54,69,76,77,71,76,77,78,73,74,83,80,61,86,74,63,63,44,74,83,74,80,7,13,8,7,7
Giovanni,Reyna,2002-11-13,185,79,9,United States,Borussia Dortmund,false,68,71,45,75,76,82,78,64,63,79,76,77,82,74,77,78,69,66,72,74,55,39,72,75,50,75,36,35,37,10,13,14,12,7
Yan,Couto,2002-06-03,168,60,21,Brazil,Borussia Dortmund,false,83,61,51,79,45,83,77,43,74,80,86,84,85,73,83,65,69,80,55,58,66,73,75,75,55,65,73,76,74,9,6,13,8,11
Cole,Campbell,2006-02-20,175,68,2.4,United States,Borussia Dortmund,false,63,62,40,63,56,69,54,44,53,66,78,68,83,57,77,58,45,52,36,47,30,27,57,56,56,55,25,21,29,6,12,6,14,14
Ramy,Bensebaini,1995-04-16,187,82,15.5,Algeria,Borussia Dortmund,true,73,72,81,76,57,78,67,62,68,80,71,74,67,76,67,70,88,72,78,65,82,75,66,63,85,74,73,83,87,6,13,14,7,14
Almugera,Kabar,2006-06-06,181,74,1.4,Germany,Borussia Dortmund,false,66,39,54,64,35,63,57,41,60,60,76,82,76,58,73,50,71,60,70,36,66,58,54,49,36,53,57,56,55,10,7,10,8,7
Emre,Can,1994-01-12,186,86,25.5,Germany,Borussia Dortmund,true,64,71,82,77,69,74,77,64,74,75,67,82,65,79,74,85,88,78,86,80,91,79,70,71,85,83,78,85,85,14,8,8,13,11
Niklas,Süle,1995-09-03,195,99,29,Germany,Borussia Dortmund,false,48,36,76,80,59,64,43,38,82,70,60,78,34,81,44,78,79,52,93,62,80,86,42,66,32,84,83,83,83,15,7,14,7,15
Nico,Cedric Schlotterbeck,1999-12-01,191,86,66,Germany,Borussia Dortmund,false,68,51,85,78,56,74,62,41,86,71,78,76,68,84,64,75,91,74,84,66,83,83,58,72,38,78,85,87,86,8,10,8,14,13
Filippo,Mané,2005-03-08,188,77,0.8,Italy,Borussia Dortmund,false,21,22,60,27,0,48,23,28,56,0,66,69,58,64,33,70,63,69,19,0,57,61,32,37,30,45,62,60,60,13,12,13,9,14
Elias,Benkara,2007-04-29,193,79,0.8,Germany,Borussia Dortmund,false,34,27,73,62,33,46,28,29,60,50,53,67,51,75,52,77,29,65,75,49,69,67,30,35,31,49,69,74,72,15,14,14,9,10
Tyler,Meiser,2007-03-01,189,79,0.8,Germany,Borussia Dortmund,false,31,26,62,54,29,47,31,27,54,54,57,62,56,66,50,66,24,66,66,44,59,55,29,34,30,44,54,64,62,14,15,12,9,8
Waldemar,Anton,1996-07-20,189,86,26,Germany,Borussia Dortmund,true,43,42,78,80,38,63,37,39,72,70,61,75,62,81,58,58,84,79,85,45,83,79,54,67,48,80,85,86,78,11,12,12,13,13
Gregor,Kobel,1997-12-06,195,88,68.5,Switzerland,Borussia Dortmund,true,13,10,13,39,10,24,13,12,33,34,38,52,37,84,29,48,71,30,81,10,24,14,10,59,12,66,15,15,15,87,83,64,86,87
Alexander,Meyer,1991-04-13,195,88,1.8,Germany,Borussia Dortmund,false,13,8,11,31,6,17,12,10,29,19,39,45,22,75,29,59,68,19,79,9,22,8,7,36,12,37,20,10,9,73,72,80,75,77
Marcel,Lotka,2001-05-25,191,85,2.3,Poland,Borussia Dortmund,false,12,11,11,20,8,9,12,7,23,12,24,25,26,66,29,42,56,29,66,8,22,10,7,23,10,30,8,10,9,68,65,56,69,71

Benjamin,Šeško,2003-05-31,195,86,47.5,Slovenia,RB Leipzig,true,58,83,83,75,74,79,63,56,59,81,79,89,74,72,69,81,93,79,83,74,62,39,81,63,63,77,45,42,35,10,8,5,14,6
Loïs,Openda,2000-02-16,177,75,58.5,Belgium,RB Leipzig,true,69,86,79,75,77,79,66,53,59,83,94,95,82,84,85,85,93,79,80,76,74,26,85,69,75,81,29,23,19,9,8,10,8,13
Yussuf,Poulsen,1994-06-15,192,84,7.5,Denmark,RB Leipzig,false,68,76,86,75,75,76,70,42,53,77,68,67,79,54,73,93,76,80,58,54,79,72,73,93,81,77,59,34,34,6,11,15,14,8
Tidiam,Gomis,2006-08-08,183,73,1.5,France,RB Leipzig,false,63,61,29,64,44,79,57,42,46,76,80,84,76,68,58,48,57,52,37,22,73,73,65,48,59,64,27,29,29,15,14,13,10,13
Robert,Ramsak,2006-10-18,185,78,1,Germany,RB Leipzig,false,40,64,65,53,60,61,52,38,45,60,69,69,53,56,59,64,70,59,62,62,45,30,60,53,67,59,35,28,25,12,9,11,7,6
Xavi,Simons,2003-04-21,179,58,65,Netherlands,RB Leipzig,true,74,79,60,84,81,87,82,65,79,85,86,77,90,85,87,78,69,83,63,78,76,65,78,85,61,81,60,62,56,9,11,5,8,10
Ridle,Baku,1998-04-08,176,79,15.5,Germany,RB Leipzig,true,75,71,49,75,63,82,79,48,70,78,84,80,84,75,90,77,76,81,74,73,74,75,76,75,60,76,72,74,74,12,8,7,10,9
Christoph,Baumgartner,1999-08-01,180,73,19,Austria,RB Leipzig,false,63,78,71,80,74,83,66,52,78,81,84,71,82,78,79,75,73,74,49,67,76,67,79,81,65,77,56,51,34,10,11,9,14,11
Antonio,Nordby Nusa,2005-04-17,183,77,18,Norway,RB Leipzig,false,67,73,45,70,59,81,74,58,62,80,92,87,91,70,87,72,69,67,59,67,67,73,73,73,54,68,47,53,37,12,14,14,9,10
Viggo,Gebel,2007-11-22,174,69,1.5,Germany,RB Leipzig,false,59,57,44,61,56,67,60,60,59,67,75,69,78,62,85,62,46,44,53,50,46,35,58,63,48,64,47,44,42,5,10,13,11,14
Assan,Ouédraogo,2006-05-09,191,89,3.5,Germany,RB Leipzig,false,43,62,66,69,57,84,53,46,80,84,84,78,84,71,77,66,81,67,76,58,76,69,71,69,55,65,46,41,41,8,10,6,11,6
Faik,Sakar,2008-01-14,174,68,0.6,Germany,RB Leipzig,false,53,54,40,60,47,61,53,41,55,62,60,63,64,52,67,49,41,54,48,49,50,55,52,55,45,50,37,36,35,10,7,7,13,7
Arthur,Vermeeren,2005-02-07,180,71,21.5,Belgium,RB Leipzig,true,68,48,52,80,34,76,71,48,78,78,74,79,76,68,73,78,66,68,59,81,60,78,72,66,69,76,72,72,72,9,6,13,9,8
Xaver,Schlager,1997-09-28,174,76,28.5,Austria,RB Leipzig,false,59,66,44,80,60,78,73,60,78,78,70,75,81,78,78,68,83,75,78,78,56,74,78,73,80,83,77,78,73,6,8,8,12,7
Nicolas,Seiwald,2001-05-04,180,80,20,Austria,RB Leipzig,true,73,58,63,75,58,72,73,60,75,75,72,73,78,72,78,74,79,68,74,74,54,70,77,72,76,84,71,77,72,5,8,7,14,7
Kevin,Kampl,1990-10-09,178,76,8.5,Slovenia,RB Leipzig,false,72,62,34,86,68,80,79,75,79,81,34,86,80,82,82,51,76,70,78,78,64,79,60,62,78,78,70,60,62,13,11,7,6,16
Amadou,Haidara,1998-01-31,178,75,16.5,Mali,RB Leipzig,false,78,70,55,84,73,82,79,66,84,84,62,80,84,82,82,73,84,74,82,82,62,76,78,72,78,79,77,78,72,7,11,8,7,10
Mika,Walther,2007-09-26,182,71,0.7,Germany,RB Leipzig,false,50,45,59,68,48,56,45,50,64,59,65,69,59,60,66,59,48,55,54,54,52,52,56,54,58,80,46,56,54,7,7,7,15,8
David,Raum,1998-04-22,181,83,27.5,Germany,RB Leipzig,true,88,59,60,80,55,79,85,70,77,79,86,84,77,77,75,64,81,91,75,66,69,73,65,79,49,78,73,77,76,11,8,14,12,6
Lionel,Voufack,2007-10-07,178,65,0.8,Germany,RB Leipzig,false,56,40,55,51,38,58,53,50,59,60,78,80,71,62,73,44,60,61,49,42,57,59,53,43,45,42,52,61,59,11,9,13,7,10
Castello,Junior Lukeba,2002-12-17,183,84,40,France,RB Leipzig,true,59,41,80,76,42,73,54,26,75,74,71,69,79,68,71,55,86,65,78,38,78,80,46,72,39,80,84,77,77,8,10,14,11,13
El,Chadaille Bitshiabu,2005-05-16,196,95,7,France,RB Leipzig,false,45,26,76,69,21,52,50,30,64,62,35,78,35,74,73,73,79,55,94,23,76,73,35,56,38,59,77,68,68,10,12,13,13,7
Jonathan,Vonheim Norbye,2007-03-26,194,92,0.6,Norway,RB Leipzig,false,42,29,59,54,23,38,28,29,52,48,52,53,56,54,43,43,60,38,61,28,56,59,34,32,31,48,62,60,60,12,7,9,6,7
Willi,Orban,1992-11-03,186,89,25,Hungary,RB Leipzig,true,39,38,86,74,31,52,28,32,68,59,50,65,48,82,52,37,90,58,85,29,84,85,42,44,41,75,86,86,80,15,12,15,10,6
Lukas,Klostermann,1996-06-03,189,90,16.5,Germany,RB Leipzig,false,72,55,76,75,41,71,47,22,63,72,81,81,62,81,60,58,89,74,77,31,71,82,68,55,32,69,82,81,79,8,12,10,7,7
Lutsharel,Geertruida,2000-07-18,185,84,22.5,Netherlands,RB Leipzig,true,70,66,80,77,38,76,56,30,74,76,73,73,71,75,70,65,86,73,78,45,73,78,69,69,45,77,79,77,77,12,11,13,12,10
Kosta,Nedeljkovic,2005-12-16,184,72,2.7,Serbia,RB Leipzig,false,68,40,55,65,35,68,63,51,58,69,82,81,62,60,65,45,72,66,65,44,63,65,58,59,45,60,64,62,62,6,9,6,13,13
Benjamin,Henrichs,1997-02-23,185,84,25,Germany,RB Leipzig,false,80,50,66,81,53,80,74,60,72,78,75,73,75,80,69,62,78,75,78,51,78,78,70,74,59,78,82,85,85,8,9,13,12,14
Leon,Koss,2006-09-12,189,79,0.6,Germany,RB Leipzig,false,56,45,59,53,40,57,55,41,50,57,69,69,58,62,73,62,46,44,53,50,46,35,58,63,48,64,47,44,42,5,10,13,11,14
Peter,Gulácsi,1990-05-06,193,86,7,Hungary,RB Leipzig,true,16,10,23,35,10,19,18,11,31,25,42,44,41,81,42,56,72,37,74,12,34,23,11,44,24,45,25,16,20,83,83,75,86,85
Maarten,Vandevoordt,2002-02-26,192,81,11,Belgium,RB Leipzig,false,21,7,15,48,5,22,10,8,64,27,41,39,52,69,37,55,61,37,59,5,16,14,5,61,15,52,11,10,18,77,74,73,74,77
Leopold,Zingerle,1994-04-10,182,76,1,Germany,RB Leipzig,false,11,7,10,28,8,9,11,12,13,20,38,47,38,65,51,50,53,34,54,6,21,11,8,40,15,47,11,9,10,70,66,66,68,71
Fernando,Dickes,2007-10-13,193,89,0.4,Germany,RB Leipzig,false,20,7,12,29,8,15,18,13,25,25,35,33,41,50,23,41,52,25,56,7,30,12,8,40,18,36,20,10,14,60,56,55,52,59

Mohamed,Amoura,2000-05-09,170,61,30.5,Algeria,VfL Wolfsburg,true,63,84,63,77,79,84,74,52,66,84,94,91,92,83,93,79,79,71,47,77,66,39,84,75,74,79,45,48,53,9,7,11,9,9
Tiago,Tomás,2002-06-16,180,78,15,Portugal,VfL Wolfsburg,false,76,59,67,74,70,81,68,51,65,80,83,83,72,79,74,79,77,67,65,61,40,79,70,70,74,76,37,29,35,8,14,9,13,7
Jakub,Kamiński,2002-06-05,179,68,6.5,Poland,VfL Wolfsburg,false,74,69,68,70,46,77,69,48,62,77,78,85,63,72,64,74,74,54,65,44,50,72,69,52,63,73,54,42,54,5,10,13,8,14
Kevin,Alexander Paredes,2003-05-07,175,61,7,United States,VfL Wolfsburg,false,73,68,36,70,39,76,59,35,62,76,74,87,71,91,64,48,65,34,53,68,58,69,68,45,57,73,63,60,59,8,11,13,9,10
Jonas,Wind,1999-02-07,190,83,19,Denmark,VfL Wolfsburg,true,81,62,82,81,80,82,75,67,72,82,47,72,82,72,82,87,80,86,75,70,36,82,80,76,80,81,32,22,36,7,10,10,11,9
Lukas,Nmecha,1998-12-14,185,80,14,Germany,VfL Wolfsburg,false,58,78,74,76,71,77,61,48,59,80,76,73,75,72,75,79,71,86,74,79,71,37,76,68,81,71,33,27,43,9,11,11,8,6
Kevin,Behrens,1991-02-03,185,85,1.2,Germany,VfL Wolfsburg,false,44,70,87,58,61,64,53,37,44,66,68,66,69,67,63,93,79,85,61,76,60,88,74,54,67,65,49,35,30,12,7,6,11,7
Bartosz,Białek,2001-11-11,191,84,1.8,Poland,VfL Wolfsburg,false,31,69,60,60,62,64,45,36,39,68,63,62,62,58,57,75,57,80,61,71,60,24,67,44,59,62,40,43,24,14,13,6,13,13
Jonathan,Akaegbobi,2006-04-25,183,71,0.6,Germany,VfL Wolfsburg,false,35,61,57,48,53,57,48,43,39,60,63,67,54,56,57,64,57,60,56,58,56,18,55,52,56,46,24,18,20,15,6,8,9,8
Andreas,Skov Olsen,1999-12-29,187,75,13,Denmark,VfL Wolfsburg,true,78,77,64,73,79,80,84,72,70,81,90,82,66,77,77,81,74,70,79,80,79,62,74,68,68,72,37,31,39,13,8,7,7,11
Patrick,Wimmer,2001-05-30,182,77,12,Austria,VfL Wolfsburg,true,73,69,44,74,57,82,64,50,79,83,78,85,75,82,67,70,76,73,67,76,48,76,78,52,68,76,47,45,53,12,13,9,14,13
Yannick,Gerhardt,1994-03-13,184,81,7,Germany,VfL Wolfsburg,false,69,69,57,77,57,75,69,55,80,75,72,67,78,68,72,72,76,76,72,80,73,76,76,52,72,75,70,65,75,13,13,7,11,6
Lovro,Majer,1998-01-17,178,76,16.5,Croatia,VfL Wolfsburg,false,79,71,55,82,67,83,86,77,84,76,84,78,78,75,72,71,65,88,72,78,63,76,78,80,78,78,58,66,58,9,12,12,5,6
Bence,Dárdai,2006-01-24,189,71,3.7,Hungary,VfL Wolfsburg,true,50,62,51,74,53,73,59,62,77,65,72,71,69,67,54,54,49,66,54,74,35,59,74,60,67,70,34,34,39,6,14,11,14,7
Mattias,Olof Svanberg,1999-01-05,185,75,18.5,Sweden,VfL Wolfsburg,false,68,68,32,81,55,79,70,63,81,76,74,74,78,67,77,65,75,76,77,78,72,75,78,57,75,78,70,63,70,7,6,13,8,12
Aster,Jan Vranckx,2002-10-04,183,78,9,Belgium,VfL Wolfsburg,false,67,65,70,80,62,81,70,62,80,80,75,81,80,75,79,77,76,76,73,72,42,73,75,73,77,79,73,76,72,10,16,15,12,7
Bennit,Bröger,2006-07-01,181,71,1.5,Germany,VfL Wolfsburg,false,50,49,39,66,45,73,57,43,73,73,62,64,81,58,66,59,39,39,53,64,44,58,43,49,66,64,40,30,22,6,7,6,6,13
Maximilian,Arnold,1994-05-27,184,74,17.5,Germany,VfL Wolfsburg,true,69,74,58,82,84,76,84,84,83,81,63,63,69,82,64,90,70,81,74,87,77,78,75,78,54,79,78,78,74,12,10,12,12,12
Joakim,Mæhle Pedersen,1997-05-20,185,79,17,Denmark,VfL Wolfsburg,true,76,52,67,80,66,76,66,42,81,81,76,70,67,81,79,80,76,65,73,70,36,75,76,76,76,79,76,76,76,12,10,12,12,10
Rogério,Oliveira da Silva,1998-01-13,178,70,4.5,Brazil,VfL Wolfsburg,false,73,45,61,72,53,77,56,60,78,78,73,67,71,73,74,68,53,59,71,67,55,68,75,75,70,74,68,71,70,11,7,8,8,10
Konstantinos,Koulierakis,2003-11-28,185,78,21.5,Greece,VfL Wolfsburg,true,42,24,75,70,34,62,52,42,72,72,75,62,76,80,80,73,75,62,80,45,41,73,73,73,73,79,79,79,73,8,10,13,11,12
Mathys,Angély,2007-04-21,190,79,1,France,VfL Wolfsburg,false,29,24,60,62,25,56,50,23,62,62,60,52,61,57,65,59,60,45,30,60,38,59,59,59,57,61,61,61,57,8,14,13,14,14
Denis,Vavro,1996-04-10,189,81,7,Slovakia,VfL Wolfsburg,true,48,46,82,67,46,54,56,63,62,62,71,69,84,78,73,70,71,69,55,73,46,71,71,71,70,76,76,76,70,13,12,14,12,13
Sebastiaan,Bornauw,1999-03-22,191,83,5.5,Belgium,VfL Wolfsburg,false,65,44,85,69,26,64,41,42,68,68,85,55,88,82,48,74,74,55,48,75,57,74,74,74,74,79,79,79,74,6,7,7,11,15
David,Uyoyo Odogu,2006-06-03,191,83,1.4,Germany,VfL Wolfsburg,false,30,26,65,60,24,50,38,27,60,60,55,45,70,57,23,60,60,45,23,65,35,60,60,60,59,64,64,64,59,6,12,13,9,7
Till,Neininger,2007-04-03,188,79,0.5,Germany,VfL Wolfsburg,false,34,24,59,50,30,35,27,48,52,50,56,45,50,50,49,60,57,24,59,25,35,35,48,61,57,57,57,57,14,13,14,8,7,7
Kilian,Fischer,2000-10-12,182,77,4.3,Germany,VfL Wolfsburg,true,68,35,59,72,30,68,37,63,70,70,87,70,67,71,44,76,69,38,72,55,59,37,58,71,65,65,65,65,17,13,10,13,10,10
Mads,Roerslev Rasmussen,1999-06-24,184,67,3.5,Denmark,VfL Wolfsburg,false,79,44,66,73,37,68,35,68,74,68,72,69,74,73,51,71,68,40,71,68,67,35,69,74,69,71,71,71,18,12,14,8,12,12
Jan,Bürger,2007-03-10,180,72,0.6,Germany,VfL Wolfsburg,false,57,47,47,45,38,59,40,41,53,64,65,57,59,60,42,55,55,38,52,54,44,45,46,60,57,55,55,55,6,15,12,8,8,8
Kamil,Grabara,1999-01-08,195,85,20.5,Poland,VfL Wolfsburg,true,18,15,24,48,15,20,20,24,35,42,42,45,66,48,55,70,38,71,16,36,23,16,57,24,56,25,19,18,76,76,73,78,84,80
Pavao,Pervan,1987-11-13,194,88,0.3,Austria,VfL Wolfsburg,false,19,9,15,22,8,14,15,14,15,32,27,36,70,33,50,54,22,54,15,28,15,5,34,14,30,16,21,19,71,72,66,67,72,71
Marius,Müller,1993-07-12,192,93,2.8,Germany,VfL Wolfsburg,false,11,10,12,27,9,14,11,13,22,25,38,34,70,38,44,62,35,75,12,30,14,11,51,18,30,20,13,11,74,71,59,75,78,75
Niklas,Klinger,1995-10-13,187,85,0.4,Germany,VfL Wolfsburg,false,12,6,10,24,10,8,13,14,13,31,35,49,61,40,47,74,36,68,7,31,11,6,32,19,41,10,11,12,63,60,63,60,64,59

Hugo,Ekitike,2002-06-20,189,70,28.5,France,Eintracht Frankfurt,true,51,79,75,75,73,83,62,51,56,83,83,88,77,79,69,81,83,69,75,75,65,23,81,73,62,77,28,32,19,8,8,7,10,12
Elye,Wahi,2003-01-02,181,77,12,France,Eintracht Frankfurt,false,64,77,67,72,86,78,66,60,60,77,84,84,80,75,82,80,80,70,69,75,57,28,77,66,66,75,25,29,23,13,7,5,12,14
Michy,Batshuayi,1993-10-02,185,80,10.5,Belgium,Eintracht Frankfurt,false,65,79,72,69,77,75,67,60,48,75,73,80,74,76,70,85,86,75,83,71,70,29,79,64,72,77,37,31,22,9,10,16,7,15
Igor,Matanovic,2003-03-31,194,90,4.2,Croatia,Eintracht Frankfurt,false,36,74,73,68,64,71,45,39,52,72,62,64,54,69,47,73,81,81,80,55,62,32,72,58,59,64,34,24,27,13,8,8,10,14
Ansgar,Knauff,2002-01-10,180,73,15.5,Germany,Eintracht Frankfurt,true,74,75,48,76,64,76,69,43,52,77,88,93,79,72,78,73,67,83,55,65,73,59,73,72,51,69,58,57,48,8,13,13,14,7
Mario,Götze,1992-06-03,176,72,16.5,Germany,Eintracht Frankfurt,true,79,73,47,86,82,81,81,72,81,87,68,44,78,83,83,75,63,84,67,68,62,65,86,78,87,87,64,42,53,14,7,12,6,10
Fares,Chaibi,2002-11-28,183,79,8.5,Algeria,Eintracht Frankfurt,false,76,71,65,76,52,77,74,68,75,76,74,68,72,71,74,70,77,80,71,63,68,69,76,61,71,73,69,68,68,10,13,12,12,11
Can,Uzun,2005-11-11,186,70,5.5,Turkey,Eintracht Frankfurt,false,53,74,53,70,65,76,75,59,63,75,76,65,79,77,70,72,69,75,65,69,43,25,75,68,69,70,19,21,20,5,7,15,10,9
Krisztian,Lisztes,2005-05-06,183,72,3.3,Hungary,Eintracht Frankfurt,false,57,70,57,63,59,72,52,51,69,70,76,71,72,63,68,69,70,65,60,65,72,34,65,57,66,62,38,45,47,9,5,6,5,8
Nathaniel,Brown,2003-06-16,180,60,3.4,Germany,Eintracht Frankfurt,true,45,42,70,36,35,70,67,52,53,69,82,89,83,79,63,55,49,80,34,47,50,59,55,33,63,65,67,66,66,7,6,14,13,10
Jean-Mattéo,Bahoya,2005-05-07,180,76,5,France,Eintracht Frankfurt,false,68,69,45,65,57,74,65,51,61,74,84,95,80,65,73,64,65,64,58,59,43,34,68,69,62,69,42,37,45,15,11,13,12,5
Niels,Nkounkou,2000-11-01,180,77,4.5,France,Eintracht Frankfurt,false,76,50,55,72,28,76,71,31,74,74,79,77,75,67,74,58,76,80,74,42,65,68,64,67,37,61,66,66,64,11,10,14,7,15
Hugo,Larsson,2004-06-27,187,74,12.5,Sweden,Eintracht Frankfurt,true,44,68,56,64,79,74,64,43,77,75,72,73,77,71,77,71,70,84,68,67,74,75,69,74,51,78,69,64,51,14,7,7,12,8
Ellyes,Skhiri,1995-05-10,185,74,18,Tunisia,Eintracht Frankfurt,true,67,76,75,78,60,75,72,55,81,74,65,55,74,83,64,75,76,90,69,72,77,84,75,72,58,80,82,79,73,15,14,8,14,14
Oscar,Højlund,2005-01-04,184,76,6.5,Denmark,Eintracht Frankfurt,false,56,60,69,54,54,67,57,52,67,68,80,76,83,78,69,61,76,68,59,63,72,67,68,67,49,68,64,65,66,9,10,6,8,13
Mahmoud,Dahoud,1996-01-01,178,68,5.5,Germany,Eintracht Frankfurt,false,67,60,44,78,66,79,77,53,74,81,75,55,82,73,81,80,60,75,59,74,73,74,66,74,55,74,72,61,59,14,7,9,12,11
Noah,Fenyo,2006-01-30,182,73,0.6,Hungary,Eintracht Frankfurt,false,47,54,54,70,51,61,59,55,67,64,64,68,58,56,66,69,62,66,62,59,60,49,58,59,42,60,52,60,55,13,11,12,12,12
Rasmus,Kristensen,1997-07-11,187,75,8,Denmark,Eintracht Frankfurt,true,74,60,73,68,59,72,64,56,64,72,63,74,61,75,64,75,78,84,74,67,74,73,66,58,73,74,78,74,74,10,9,9,6,10
Timmy,Chandler,1990-03-29,187,84,0.5,United States,Eintracht Frankfurt,false,71,65,77,71,66,66,68,45,70,68,54,37,54,67,51,75,82,79,67,69,78,68,65,51,70,72,71,69,74,12,7,8,11,12
Junior,Dina Ebimbe,2000-11-21,184,80,4.4,France,Eintracht Frankfurt,false,65,66,59,73,51,72,59,49,70,71,84,86,76,75,75,71,81,76,57,57,77,64,71,57,78,71,69,61,61,6,11,14,12,5
Arthur,Theate,2000-05-25,185,78,22.5,Belgium,Eintracht Frankfurt,true,68,23,75,77,24,68,53,37,76,73,68,71,64,78,51,70,83,75,82,58,81,80,29,67,32,77,79,81,77,7,6,12,11,10
Robin,Koch,1996-07-17,192,85,24,Germany,Eintracht Frankfurt,true,41,40,84,78,29,60,31,28,73,74,55,73,61,82,53,58,83,69,81,42,82,78,52,64,38,80,83,84,74,9,6,15,8,6
Nnamdi,Collins,2004-01-10,191,84,4.8,Germany,Eintracht Frankfurt,false,59,26,70,67,25,66,35,20,57,69,81,86,63,69,57,38,85,65,78,24,71,70,42,43,25,69,71,73,67,12,8,8,10,8
Aurèle,Amenda,2003-07-31,194,90,3.3,Switzerland,Eintracht Frankfurt,false,40,23,60,67,27,42,26,23,65,56,71,72,34,66,37,42,83,70,90,18,78,66,38,35,36,62,69,69,68,12,6,10,13,6
Lucas,Silva Melo,1999-07-04,185,81,16,Brazil,Eintracht Frankfurt,true,60,48,74,74,46,71,42,39,76,77,68,75,68,78,68,59,82,69,79,40,78,81,48,62,62,77,78,78,75,7,11,5,15,12
Kevin,Trapp,1990-07-08,189,84,10,Germany,Eintracht Frankfurt,true,13,13,11,25,12,10,14,12,24,14,43,50,42,82,37,56,69,45,75,13,30,22,12,48,17,65,15,14,10,82,80,74,78,84
Jens,Grahl,1988-09-22,192,88,0.1,Germany,Eintracht Frankfurt,false,19,12,13,22,11,12,11,10,20,23,41,48,44,43,62,44,68,39,79,13,33,23,13,32,21,55,20,13,12,69,60,58,63,68
Kauã,Morais Vieira dos Santos,2003-04-11,196,84,3.6,Brazil,Eintracht Frankfurt,false,11,4,10,38,5,8,13,12,34,20,32,28,31,70,22,47,58,24,64,8,29,8,4,33,16,29,6,14,13,76,65,63,62,77
Amil,Siljevic,2007-01-19,188,78,0.5,Germany,Eintracht Frankfurt,false,13,7,11,21,7,9,11,11,22,17,18,19,21,55,28,44,50,18,61,6,23,6,6,26,9,20,6,12,8,59,54,59,54,62
Nils,Ramming,2007-03-28,194,80,0.6,Sweden,Eintracht Frankfurt,false,15,8,19,27,7,14,16,11,26,23,15,21,22,59,29,47,53,20,64,6,22,7,8,29,15,31,6,13,9,62,52,63,58,61

Nick,Woltemade,2002-02-14,198,90,4.9,Germany,VfB Stuttgart,true,46,78,74,77,69,82,51,42,63,77,58,76,52,76,44,74,77,71,76,62,60,35,72,72,65,75,44,37,29,9,12,9,11,13
Ermedin,Demirovic,1998-03-25,185,84,21,Bosnia and Herzegovina,VfB Stuttgart,false,69,83,69,78,76,77,73,53,64,80,69,70,81,72,72,84,76,77,77,77,76,36,82,76,62,73,39,42,38,9,14,9,10,8
El Bilal,Touré,2001-10-03,185,77,7,Mali,VfB Stuttgart,false,54,75,74,70,58,72,54,46,56,73,78,77,73,70,71,73,83,64,70,68,49,17,73,61,71,66,19,14,19,9,13,14,8,12
Wahid,Faghir,2003-07-29,186,83,1.3,Denmark,VfB Stuttgart,false,31,64,62,54,58,63,46,40,42,64,67,69,56,56,69,73,76,56,78,65,49,19,64,58,53,62,21,15,9,11,9,15,9,6
Thomas,Kastanaras,2003-01-09,186,83,1.2,Germany,VfB Stuttgart,false,40,68,59,57,56,59,53,58,43,61,62,65,59,62,59,65,70,73,57,56,39,21,66,56,65,59,14,12,11,7,12,14,11,5
Deniz,Undav,1996-07-19,179,86,19.5,Germany,VfB Stuttgart,true,67,83,75,80,83,78,74,66,64,83,67,67,72,83,87,84,82,74,80,80,79,18,83,83,72,83,25,37,29,9,12,9,11,13
Enzo,Millot,2002-07-17,174,66,22.5,France,VfB Stuttgart,false,70,71,44,80,54,83,72,59,75,82,76,75,87,79,84,73,55,83,46,67,57,65,78,62,74,74,64,65,53,13,15,12,8,8
Fabian,Rieder,2002-02-16,179,74,9.5,Switzerland,VfB Stuttgart,false,54,70,38,75,42,74,75,74,75,75,75,72,80,67,82,73,58,80,59,73,53,54,79,64,74,74,59,59,53,13,9,12,13,11
Jarzinho,Malanga,2006-07-10,179,80,0.5,Germany,VfB Stuttgart,false,56,40,55,52,55,60,43,42,57,60,72,69,55,72,55,56,57,64,52,56,38,20,54,47,49,49,23,27,29,7,8,7,10,10
Luca,Raimund,2005-04-09,188,76,1,Germany,VfB Stuttgart,false,59,50,65,53,53,65,59,54,57,63,69,69,61,57,61,61,59,56,52,52,50,31,62,53,58,58,44,46,49,10,10,10,15,6
Chris,Führich,1998-01-09,181,70,15.5,Germany,VfB Stuttgart,true,71,70,54,74,63,86,77,67,66,83,87,79,89,76,85,70,66,75,49,68,58,43,71,71,59,69,55,50,53,6,7,12,12,6
Jacob,Bruun Larsen,1998-09-19,183,77,4.7,Denmark,VfB Stuttgart,false,68,72,58,69,72,75,73,70,74,74,84,78,76,73,75,82,76,68,62,66,68,59,73,70,66,66,56,54,44,6,11,11,11,11
Justin,Diehl,2004-11-27,174,67,1.8,Germany,VfB Stuttgart,false,49,69,57,59,61,70,62,40,54,70,79,82,80,61,76,68,58,60,39,58,40,19,60,59,65,51,18,17,20,7,6,5,12,8
Jamie,Leweling,2001-02-26,185,86,8.5,Germany,VfB Stuttgart,true,72,69,59,66,66,80,55,43,53,78,85,85,78,73,80,76,81,77,76,68,61,42,75,62,55,67,50,46,30,6,11,10,14,9
Angelo,Stiller,2001-04-04,183,79,21.5,Germany,VfB Stuttgart,true,72,49,67,87,51,78,69,68,83,84,65,53,80,85,79,73,71,81,65,65,68,80,64,84,42,84,77,76,68,9,14,9,10,8
Nikolas,Nartey,2000-02-22,185,81,2.4,Denmark,VfB Stuttgart,false,65,55,60,73,32,73,45,40,65,74,69,69,74,76,71,51,73,59,72,38,67,66,63,70,41,67,68,68,61,13,9,13,6,13
Atakan,Karazor,1996-10-13,191,76,5.5,Germany,VfB Stuttgart,true,39,35,78,78,27,64,42,31,68,72,41,54,61,71,43,47,71,69,84,29,75,78,34,67,38,73,78,76,75,12,10,6,11,5
Yannik,Keitel,2000-02-15,186,85,2.6,Germany,VfB Stuttgart,false,49,44,75,72,41,62,42,49,70,71,63,69,70,65,70,58,79,65,73,49,68,73,65,48,64,69,74,67,64,13,8,11,10,7
Maximilian,Mittelstädt,1997-03-18,180,71,20.5,Germany,VfB Stuttgart,true,87,56,67,79,47,78,77,46,74,77,79,69,76,81,78,74,76,81,66,70,78,83,72,64,42,76,76,79,75,13,10,7,13,13
Julian,Chabot,1998-02-12,195,95,18,Germany,VfB Stuttgart,true,33,21,76,57,36,55,31,30,65,48,33,65,34,70,33,49,70,66,90,23,91,76,23,35,38,64,78,78,80,9,13,7,8,7
Ramon,Hendriks,2001-07-18,189,76,2.1,Netherlands,VfB Stuttgart,false,46,29,67,68,32,52,31,34,65,62,74,87,66,61,59,47,79,66,72,28,68,72,34,47,42,62,69,71,72,12,13,12,6,13
Dan-Axel,Zagadou,1999-06-03,196,90,11.5,France,VfB Stuttgart,false,46,26,86,72,25,51,37,25,70,52,40,67,33,69,34,66,77,55,93,25,75,74,31,59,30,70,74,80,70,9,13,5,14,14
Finn,Jeltsch,2006-07-17,185,78,3.4,Germany,VfB Stuttgart,true,44,33,69,66,29,59,39,33,63,65,62,71,59,67,62,53,75,67,75,34,69,68,41,54,48,64,69,74,72,9,12,9,6,5
Ameen,Al Dakhil,2002-03-06,187,70,4.4,Belgium,VfB Stuttgart,false,27,22,72,68,25,59,29,16,66,65,69,70,58,69,60,41,80,68,75,24,74,71,15,47,32,70,72,73,71,9,14,9,10,8
Leonidas,Stergiou,2002-03-03,180,75,3.9,Switzerland,VfB Stuttgart,false,58,39,64,68,36,64,42,29,65,68,80,72,77,72,72,54,82,76,77,35,69,72,53,55,39,64,70,72,68,7,8,11,6,9
Luca,Jaquez,2003-06-02,187,80,2.5,Switzerland,VfB Stuttgart,false,38,43,65,63,31,58,32,33,63,59,60,67,59,66,61,45,77,70,81,34,64,65,50,43,45,59,66,69,67,14,15,11,10,12
Anrie,Chase,2004-03-24,188,81,2.9,Japan,VfB Stuttgart,false,28,23,67,50,33,44,33,30,40,52,64,63,43,63,51,40,80,68,75,19,74,72,28,35,35,55,63,72,66,11,8,12,8,6
Josha,Vagnoman,2000-12-11,190,90,16,Germany,VfB Stuttgart,true,71,58,68,38,75,77,60,42,65,73,83,91,69,73,68,70,87,80,87,66,71,70,73,68,36,68,73,67,73,12,13,14,10,8
Pascal,Stenzel,1996-03-20,183,74,1.5,Germany,VfB Stuttgart,false,62,55,63,39,75,68,62,58,71,71,52,61,67,63,61,75,64,69,66,66,73,73,52,69,49,67,68,71,70,13,11,10,11,8
Alexander,Nübel,1996-09-30,193,86,18,Germany,VfB Stuttgart,true,15,18,13,55,13,26,20,20,48,41,49,46,34,79,58,61,70,39,74,18,23,20,10,65,16,69,14,13,13,81,76,81,78,82
Fabian,Bredlow,1995-03-02,190,89,1.3,Germany,VfB Stuttgart,false,8,5,11,5,17,14,13,14,23,14,41,36,50,68,39,50,60,20,62,7,18,14,14,38,30,45,12,10,10,67,66,68,74,71
Stefan,Drljaca,1999-04-20,192,89,1,Germany,VfB Stuttgart,false,8,7,11,6,22,8,12,10,14,10,24,42,38,64,30,41,62,30,78,8,29,15,5,46,15,44,9,12,12,68,62,55,64,71
Dennis,Seimen,2005-12-01,190,89,1.6,Germany,VfB Stuttgart,false,10,9,13,9,40,17,17,10,30,35,37,44,38,69,48,47,66,36,77,9,22,15,11,40,18,47,9,10,10,67,63,60,65,64

Junior,Adamu,2001-06-06,183,81,2.9,Austria,SC Freiburg,true,43,72,69,62,68,70,63,58,41,66,80,78,79,69,73,72,81,66,72,65,48,24,73,59,72,68,22,16,15,7,5,13,15,9
Michael,Gregoritsch,1994-04-18,193,91,10.5,Austria,SC Freiburg,false,64,78,85,74,82,68,80,73,60,76,50,53,80,52,71,84,84,85,71,72,58,33,81,69,64,73,40,38,36,6,9,16,6,10
Maximilian,Philipp,1994-03-01,183,79,1.6,Germany,SC Freiburg,false,65,70,50,69,75,75,68,64,76,76,72,68,75,75,75,76,66,54,69,65,36,39,72,82,69,68,48,34,39,8,12,10,10,9
Vincenzo,Grifo,1993-04-07,180,80,17.5,Italy,SC Freiburg,true,88,73,47,81,73,81,89,88,76,82,74,65,79,82,77,85,65,70,65,75,52,45,79,78,83,77,48,41,30,10,12,8,8,14
Jan-Niklas,Beste,1999-01-04,175,66,11.5,Germany,SC Freiburg,false,86,73,41,75,42,77,88,75,75,88,80,76,67,81,77,77,60,86,55,74,62,62,75,58,70,70,61,61,62,13,8,7,14,8
Lucas,Höler,1994-07-10,184,86,3,Germany,SC Freiburg,true,47,75,79,69,63,64,50,39,45,59,63,73,78,63,78,85,82,80,64,64,72,41,78,58,54,59,54,39,33,8,7,12,10,10
Eren,Dinkçi,2001-12-13,188,76,12,Turkey,SC Freiburg,false,60,77,64,72,70,77,71,62,75,75,87,94,72,75,71,74,75,84,55,74,36,27,72,66,75,75,30,28,19,7,15,10,9,5
Merlin,Röhl,2002-07-05,192,79,12.5,Germany,SC Freiburg,false,59,66,61,76,60,78,53,39,74,74,78,84,75,67,75,69,77,71,63,63,56,68,78,52,71,71,66,59,59,11,14,10,7,8
Florent,Muslija,1998-07-06,172,65,2.8,Kosovo,SC Freiburg,false,65,61,38,64,75,76,79,70,73,79,78,77,68,92,68,75,48,67,40,72,48,32,69,68,63,63,27,28,33,13,14,7,6,5
Johan,Manzambi,2005-10-14,183,75,0.6,Switzerland,SC Freiburg,false,49,53,63,42,46,44,37,59,61,61,67,70,61,70,61,54,63,60,64,33,49,49,58,42,55,55,56,52,59,8,10,8,13,9
Daniel-Kofi,Kyereh,1996-03-08,179,79,2.4,Ghana,SC Freiburg,false,58,70,59,68,71,77,60,60,76,60,69,67,79,70,79,71,64,55,66,66,44,30,69,52,65,65,29,25,27,5,8,5,10,11
Yann,Sturm,2005-03-21,182,74,0.8,Germany,SC Freiburg,false,48,64,42,55,61,63,50,37,62,52,75,72,79,59,85,61,49,58,49,49,44,29,56,59,58,58,32,38,36,10,5,11,11,6
Ritsu,Doan,1998-06-16,172,74,28,Japan,SC Freiburg,true,76,75,59,80,65,85,76,68,68,83,86,74,89,79,93,66,80,77,59,68,41,44,80,81,58,75,39,36,42,8,5,6,13,14
Patrick,Osterhage,2000-02-01,186,75,5.5,Germany,SC Freiburg,true,63,52,69,71,47,69,59,47,70,73,72,75,71,69,69,68,76,86,70,66,74,75,66,69,45,70,73,73,76,12,5,12,6,6
Maximilian,Eggestein,1996-12-08,181,82,5.5,Germany,SC Freiburg,true,67,54,76,71,50,69,64,48,74,74,63,63,77,69,69,76,73,78,73,59,70,74,59,66,60,75,76,72,73,15,10,13,15,8
Nicolas,Höfler,1990-03-09,181,80,1.4,Germany,SC Freiburg,false,52,41,65,76,40,64,53,50,67,69,52,60,74,73,74,58,68,78,71,49,69,80,52,63,50,72,76,76,69,6,13,13,10,9
Christian,Günter,1993-02-28,184,83,10,Germany,SC Freiburg,true,81,51,65,72,39,73,77,72,64,71,76,84,77,63,63,84,82,81,82,63,83,76,64,59,46,71,75,74,74,9,15,9,8,14
Jordy,Makengo,2001-08-03,190,76,2.6,France,SC Freiburg,false,59,26,62,20,29,62,45,34,62,65,79,78,67,62,67,31,82,78,77,29,64,66,44,52,30,57,70,65,68,11,14,13,14,6
Philipp,Lienhart,1996-07-11,189,85,17.5,Austria,SC Freiburg,true,41,24,84,74,21,59,28,40,69,69,62,74,63,78,62,29,85,78,34,34,77,80,35,53,41,75,80,74,74,14,8,11,12,14
Matthias,Ginter,1994-01-19,190,90,21,Germany,SC Freiburg,true,68,55,81,78,53,61,44,42,75,75,54,54,54,84,50,79,83,57,83,46,73,83,55,71,67,77,86,86,78,12,10,6,8,10
Max,Rosenfelder,2003-02-10,186,76,3.3,Germany,SC Freiburg,false,39,19,71,66,18,56,29,24,63,63,69,89,65,69,63,28,83,65,17,17,67,70,38,49,28,59,73,70,70,10,10,8,10,11
Bruno,Ogbus,2005-12-17,185,84,0.6,Switzerland,SC Freiburg,false,29,21,49,49,32,31,29,35,44,48,62,66,59,60,51,40,59,68,24,24,56,58,28,24,34,42,58,60,60,11,10,5,8,10
Manuel,Gulde,1991-02-12,184,82,0.9,Germany,SC Freiburg,false,46,36,74,57,54,52,45,30,56,56,57,54,55,63,63,50,85,75,34,34,66,73,39,42,44,68,72,70,71,10,10,6,16,15
Lukas,Kübler,1992-08-30,182,77,4.1,Germany,SC Freiburg,true,70,49,58,50,69,46,32,54,68,46,73,87,66,67,66,75,72,75,54,43,80,51,49,58,66,64,73,74,73,12,14,11,8,8
Kiliann,Sildillia,2002-05-16,186,84,4.4,France,SC Freiburg,false,65,26,73,67,21,70,50,30,57,68,69,70,66,67,67,35,79,70,71,29,72,54,60,41,58,73,76,75,75,12,9,14,8,12
Noah,Atubolu,2002-05-25,190,99,11,Germany,SC Freiburg,true,12,8,13,27,8,11,13,12,31,14,52,59,32,73,31,56,73,29,79,9,26,13,9,50,14,46,12,12,12,75,70,75,73,76
Florian,Müller,1997-11-13,190,88,2.2,Germany,SC Freiburg,false,12,11,11,32,10,18,13,12,27,24,43,43,42,70,41,53,63,34,67,12,25,19,11,42,38,38,11,12,12,72,71,68,79,67
Jannik,Huth,1994-04-15,185,80,1,Germany,SC Freiburg,false,17,16,10,37,15,22,22,15,30,24,59,60,50,67,44,56,66,32,63,14,28,25,51,24,41,41,14,11,11,71,74,67,71,64

Alassane,Pléa,1993-03-10,181,82,11.5,France,Borussia Mönchengladbach,true,78,77,73,79,80,79,82,73,77,80,75,58,77,79,79,79,84,69,78,78,53,39,79,81,70,79,29,40,30,11,15,16,12,15
Tomáš,Čvančara,2000-08-13,190,86,8.5,Czech Republic,Borussia Mönchengladbach,false,67,73,76,69,71,70,62,60,62,70,74,79,68,75,58,71,82,75,83,67,78,25,73,64,69,70,33,28,22,10,15,12,8,13
Shio,Fukuda,2004-04-08,178,70,1.4,Japan,Borussia Mönchengladbach,false,35,67,64,55,55,67,46,42,35,64,69,70,69,63,64,61,64,58,54,61,35,20,56,57,74,60,22,14,19,13,15,8,11,13
Tim,Kleindienst,1995-08-31,194,85,26.5,Germany,Borussia Mönchengladbach,false,50,83,91,68,85,68,54,53,63,79,59,73,51,81,52,84,89,92,87,77,84,52,86,65,70,83,36,39,25,7,8,12,7,14
Robin,Hack,1998-08-27,178,72,12.5,Germany,Borussia Mönchengladbach,true,71,78,49,74,71,80,77,73,64,80,84,76,87,72,86,77,67,57,75,75,38,29,78,68,68,68,33,31,29,8,9,9,10,9
Noah,Pesch,2005-05-18,181,69,1,Croatia,Borussia Mönchengladbach,false,60,58,57,58,55,70,58,53,53,67,67,66,66,48,67,63,63,57,50,50,41,23,55,58,61,49,32,38,48,8,9,6,11,8
Yvandro,Borges Sanches,2004-05-24,175,68,1.5,Luxembourg,Borussia Mönchengladbach,false,64,57,54,67,58,67,63,64,66,54,75,78,71,53,79,56,58,64,50,56,68,52,58,56,59,57,54,52,52,10,10,5,13,10
Kevin,Stöger,1993-08-27,175,74,10,Austria,Borussia Mönchengladbach,true,79,69,45,83,62,76,80,79,84,80,62,52,79,79,79,74,59,72,63,76,50,68,72,84,71,72,66,59,64,15,12,13,10,12
Florian,Neuhaus,1997-03-16,185,77,6,Germany,Borussia Mönchengladbach,false,68,71,55,77,63,76,76,59,77,78,64,69,74,77,77,75,66,74,67,75,70,67,68,80,56,73,66,67,64,6,11,10,11,15
Franck,Honorat,1996-08-11,180,70,11.5,France,Borussia Mönchengladbach,true,92,74,59,74,74,79,80,60,71,78,80,80,78,72,75,88,68,84,54,78,57,59,73,76,68,74,53,46,51,10,15,7,14,15
Nathan,Ngoumou,2000-03-14,183,74,3.2,Cameroon,Borussia Mönchengladbach,false,65,69,46,67,65,73,68,47,60,72,83,89,67,69,58,77,69,74,67,68,46,17,75,64,66,67,41,31,34,9,11,9,12,11
Charles,Herrmann,2006-01-21,180,73,0.9,Germany,Borussia Mönchengladbach,false,57,61,47,58,60,68,63,68,56,66,67,69,70,53,66,62,52,45,62,56,45,26,52,56,62,56,33,36,47,6,6,10,14,7
Julian,Weigl,1995-09-08,186,77,12.5,Germany,Borussia Mönchengladbach,true,59,65,65,85,57,71,73,46,85,77,65,45,74,78,64,68,71,80,68,61,75,77,67,75,57,78,74,75,64,6,14,16,11,7
Rocco,Reitz,2002-05-29,176,72,9,Germany,Borussia Mönchengladbach,true,66,73,68,78,57,77,72,53,77,78,70,75,82,78,72,70,66,79,54,68,84,72,73,71,61,74,72,75,78,8,8,10,15,6
Philipp,Sander,1998-02-21,185,77,6,Germany,Borussia Mönchengladbach,false,73,62,68,77,49,74,62,50,76,76,72,74,74,76,75,77,74,79,66,66,68,73,63,75,39,75,72,75,74,15,6,6,7,11
Niklas,Swider,2007-01-05,188,88,0.6,Germany,Borussia Mönchengladbach,false,42,41,61,64,38,59,43,44,55,62,64,55,56,46,57,60,67,61,60,39,61,56,42,44,56,50,56,63,63,8,13,11,10,12
Veit,Stange,2004-02-08,188,76,0.6,Germany,Borussia Mönchengladbach,false,46,41,54,61,34,57,47,45,60,60,54,41,57,67,52,52,59,65,43,43,65,54,38,46,54,48,54,63,62,6,12,11,12,6
Lukas,Ullrich,2004-03-16,180,73,1.3,Germany,Borussia Mönchengladbach,true,64,39,51,62,34,66,57,31,52,66,68,66,70,59,71,52,63,65,64,46,54,58,60,48,30,56,58,63,60,9,9,12,5,12
Luca,Netz,2003-05-15,184,83,4.4,Germany,Borussia Mönchengladbach,false,77,46,60,73,32,73,52,68,64,72,76,77,74,69,71,59,73,68,64,43,68,68,65,60,49,64,68,74,72,7,11,12,9,13
Nico,Elvedi,1996-09-30,189,84,9.5,Switzerland,Borussia Mönchengladbach,true,65,30,77,71,30,62,45,29,61,68,68,77,64,73,55,50,84,65,79,45,72,78,53,60,37,70,78,79,76,9,15,10,12,9
Fabio,Chiarodia,2005-06-05,186,78,1.4,Italy,Borussia Mönchengladbach,false,51,26,62,59,35,55,36,34,54,51,64,67,68,63,61,42,69,53,68,72,60,63,26,32,41,55,65,67,64,11,14,11,9,7
Ko,Itakura,1997-01-27,188,80,10.5,Japan,Borussia Mönchengladbach,true,34,60,74,74,58,68,41,40,69,70,77,70,70,76,69,67,84,68,75,58,76,78,53,59,38,76,77,80,81,13,6,9,10,12
Marvin,Friedrich,1995-12-13,193,84,4,Germany,Borussia Mönchengladbach,false,43,39,79,58,35,43,39,26,64,57,54,68,40,69,52,58,73,55,79,35,74,74,32,59,38,68,72,79,78,10,13,13,15,14
Joe,Scally,2002-12-31,184,80,6,United States,Borussia Mönchengladbach,true,68,49,64,69,29,71,60,28,58,69,79,70,77,75,70,51,80,73,74,50,70,73,62,59,39,60,71,75,74,12,7,10,10,10
Stefan,Lainer,1992-08-27,175,73,2.2,Austria,Borussia Mönchengladbach,false,70,59,63,67,63,63,65,45,68,65,74,67,75,72,78,71,77,76,72,65,80,73,70,60,45,74,73,75,73,10,14,7,8,7
Jonas,Omlin,1994-01-10,190,85,10.5,Switzerland,Borussia Mönchengladbach,true,24,17,24,45,15,27,21,16,35,31,52,51,32,74,51,56,72,35,69,18,22,25,15,48,27,55,20,21,24,78,77,75,75,80
Tiago,Pereira Cardoso,2006-04-07,190,75,1.1,Luxembourg,Borussia Mönchengladbach,false,12,7,12,16,4,8,13,13,21,15,19,24,22,52,23,44,45,23,50,8,20,11,3,34,17,44,8,9,9,65,63,59,60,64
Moritz,Nicolas,1997-10-21,193,89,4.2,Germany,Borussia Mönchengladbach,false,14,9,16,29,11,16,17,14,26,13,18,26,42,58,31,53,61,28,74,10,27,15,7,40,17,36,10,17,13,77,74,70,71,78
Tobias,Sippel,1988-03-22,183,80,0.2,Germany,Borussia Mönchengladbach,false,14,12,13,33,12,13,15,14,26,19,50,42,48,70,41,56,64,41,65,11,36,15,16,31,18,41,12,15,12,67,65,74,66,67

Adam,Hložek,2002-07-25,188,84,15.5,Czech Republic,TSG 1899 Hoffenheim,true,69,77,74,75,73,76,68,68,68,78,77,74,69,76,76,78,88,68,83,77,69,23,75,76,66,76,23,32,23,11,10,9,11,10
Max,Moerstedt,2006-01-15,194,77,0.7,Germany,TSG 1899 Hoffenheim,false,28,66,64,56,59,46,47,29,32,57,56,63,52,61,48,55,67,52,66,47,52,20,61,44,53,55,22,28,21,8,12,6,9,13
Gift,Orban,2002-07-17,178,70,8.5,Nigeria,TSG 1899 Hoffenheim,false,58,81,58,61,76,73,74,74,58,71,76,78,73,75,77,83,73,60,68,76,48,17,74,63,71,78,10,17,10,10,6,14,12,10
Erencan,Yardımcı,2002-02-04,188,78,2.7,Turkey,TSG 1899 Hoffenheim,false,48,71,70,56,55,70,65,54,42,65,71,80,70,69,55,62,81,72,78,51,55,23,71,51,65,58,26,21,20,6,8,7,12,11
Ihlas,Bebou,1994-04-23,185,80,7.5,Togo,TSG 1899 Hoffenheim,false,74,76,64,70,70,80,66,46,53,77,86,85,78,74,77,77,80,69,69,70,40,31,78,69,67,73,26,35,33,10,11,12,11,11
Haris,Tabakovic,1994-06-20,194,90,3,Bosnia and Herzegovina,TSG 1899 Hoffenheim,false,38,78,79,64,69,64,39,42,41,65,51,72,60,79,55,75,84,78,87,60,65,20,79,58,72,70,32,18,17,11,16,6,9,9
David,Mokwa,2004-05-03,181,81,0.8,France,TSG 1899 Hoffenheim,false,53,65,59,49,52,65,47,34,33,62,71,74,68,52,64,63,67,49,59,55,30,23,60,52,52,49,21,26,24,11,12,14,12,15
Andrej,Kramaric,1991-06-19,177,73,16,Croatia,TSG 1899 Hoffenheim,true,73,83,69,82,81,84,82,77,73,85,71,68,81,83,84,82,75,82,69,79,71,29,84,81,92,82,35,25,26,8,14,14,7,15
Umut,Tohumcu,2004-08-11,175,71,3.8,Germany,TSG 1899 Hoffenheim,false,55,63,39,74,51,71,62,59,72,72,67,70,77,70,79,65,46,63,46,63,58,35,60,72,55,70,47,54,49,12,7,7,6,10
Florian,Micheler,2005-05-17,185,76,0.6,Austria,TSG 1899 Hoffenheim,false,55,50,49,70,58,67,60,49,69,70,61,60,56,60,60,58,55,49,59,49,49,23,52,54,55,60,49,53,55,13,8,15,11,12
Marius,Bülter,1993-03-29,188,85,6.5,Germany,TSG 1899 Hoffenheim,true,71,76,64,67,67,75,69,47,64,73,78,89,69,77,70,84,81,77,72,72,73,38,76,68,70,67,45,53,42,7,7,6,14,13
Paul,Hennrich,2005-03-06,181,77,0.8,Germany,TSG 1899 Hoffenheim,false,63,61,46,58,48,65,59,61,51,62,71,69,67,42,64,57,52,49,50,50,33,33,60,55,47,50,29,39,38,9,7,11,6,9
Bazoumana,Touré,2006-03-02,175,68,0.9,Ivory Coast,TSG 1899 Hoffenheim,true,62,61,41,62,42,66,48,35,58,68,90,86,75,57,77,57,58,65,50,50,33,21,64,61,46,56,23,35,25,5,8,12,6,9
Tom,Bischof,2005-06-28,176,66,3.1,Germany,TSG 1899 Hoffenheim,true,52,55,40,73,47,72,61,52,68,73,63,59,77,66,81,56,42,60,44,57,58,34,70,54,67,67,40,53,52,9,13,12,13,6
Finn Ole,Becker,2000-06-08,177,71,2.9,Germany,TSG 1899 Hoffenheim,false,55,56,53,77,48,76,57,39,72,75,75,64,82,71,80,59,61,77,51,50,59,54,72,49,68,68,54,66,62,8,12,8,7,8
Anton,Stach,1998-11-15,194,88,21,Germany,TSG 1899 Hoffenheim,true,70,59,76,76,54,74,71,64,77,77,70,76,62,79,48,84,85,81,81,78,74,88,76,76,51,68,70,79,78,7,14,8,7,11
Diadie,Samassékou,1996-01-11,175,70,4.1,Mali,TSG 1899 Hoffenheim,false,57,42,60,69,37,68,55,34,71,71,67,53,78,73,80,60,69,79,66,54,80,83,55,73,56,71,75,72,71,5,11,11,14,8
Dennis,Geiger,1998-06-10,173,67,3.4,Germany,TSG 1899 Hoffenheim,false,69,46,29,79,45,76,68,55,77,78,57,36,84,79,83,57,42,59,49,70,81,69,59,67,40,73,67,69,69,7,8,12,10,5
Grischa,Prömel,1995-01-09,184,81,7.5,Germany,TSG 1899 Hoffenheim,false,61,73,77,68,77,73,55,51,75,75,65,63,67,77,67,77,83,89,76,73,79,76,75,74,51,76,75,72,72,8,14,7,10,6
Alexander,Prass,2001-05-26,180,72,8,Austria,TSG 1899 Hoffenheim,true,73,59,56,64,64,74,68,66,73,74,80,83,78,77,74,72,77,85,74,71,68,72,69,73,57,74,69,66,66,7,15,12,8,13
David,Jurásek,2000-08-07,183,76,4.3,Czech Republic,TSG 1899 Hoffenheim,false,76,51,64,66,58,73,72,69,63,72,84,81,71,74,71,77,82,75,75,67,73,67,67,68,55,67,66,68,65,6,6,7,8,12
Christopher,Lenz,1994-09-22,181,81,1.6,Germany,TSG 1899 Hoffenheim,false,70,35,59,70,31,66,68,64,64,70,68,71,69,70,68,55,71,66,71,45,65,70,49,55,45,69,71,71,71,13,11,11,10,9
Hennes,Behrens,2005-01-19,175,70,0.5,Germany,TSG 1899 Hoffenheim,false,60,30,50,45,27,59,40,37,38,50,65,60,50,69,60,30,54,57,50,25,60,61,54,37,45,40,58,63,61,11,12,12,7,11
Kevin,Akpoguma,1995-04-19,192,85,3.5,Nigeria,TSG 1899 Hoffenheim,true,65,45,73,68,35,73,40,27,62,73,75,74,54,76,51,70,78,65,80,38,69,74,45,46,48,60,75,76,71,14,13,10,12,7
Stanley,Nsoki,1999-04-09,184,83,3.3,France,TSG 1899 Hoffenheim,false,59,34,74,67,31,68,49,31,65,67,70,77,64,65,63,47,83,75,79,36,73,70,55,63,37,66,69,74,72,8,12,13,9,10
Arthur,Largura Chaves,2001-01-29,188,80,2.9,Brazil,TSG 1899 Hoffenheim,true,34,38,71,63,34,40,30,30,64,58,71,77,58,67,60,46,78,60,65,25,67,65,29,35,45,50,68,76,73,8,10,9,6,9
Leo,Østigård,1999-11-28,182,80,5.5,Norway,TSG 1899 Hoffenheim,false,48,33,76,62,33,58,46,24,55,61,63,64,71,66,61,52,85,65,82,32,86,69,35,34,42,58,68,73,70,13,10,13,8,6
Robin,Hranáč,2000-01-29,189,87,5,Czech Republic,TSG 1899 Hoffenheim,false,30,25,75,68,33,48,31,28,64,58,66,71,73,42,73,71,85,64,86,38,73,73,36,45,42,54,72,74,70,5,15,15,6,6
Ozan,Kabak,2000-03-25,186,86,9,Turkey,TSG 1899 Hoffenheim,false,26,35,76,75,28,64,32,31,74,71,52,72,66,65,64,48,88,67,84,30,87,68,30,65,51,67,72,78,82,10,13,10,6,5
Luca,Erlein,2007-07-05,190,82,0.6,Germany,TSG 1899 Hoffenheim,false,29,25,57,45,30,38,30,34,40,40,62,58,55,45,45,48,66,59,68,23,55,55,23,30,45,52,60,65,64,8,7,6,12,6
Noah,König,2003-05-17,188,86,0.5,Germany,TSG 1899 Hoffenheim,false,26,28,60,49,31,39,29,28,42,44,52,53,55,50,41,40,71,41,78,29,45,52,22,30,30,39,53,67,65,13,13,6,11,13
Pavel,Kadeřábek,1992-04-25,182,81,3.9,Czech Republic,TSG 1899 Hoffenheim,true,77,34,74,72,57,69,57,52,68,74,75,61,66,68,76,64,84,76,76,41,74,70,70,71,54,73,72,76,74,10,11,14,13,7
Valentin,Gendrey,2000-06-21,179,75,6,France,TSG 1899 Hoffenheim,false,69,34,66,26,51,63,60,34,57,69,82,76,72,71,69,36,73,70,70,28,73,68,48,45,45,63,66,75,72,12,10,6,10,14
Lars,Strobl,2005-04-15,189,81,0.4,Germany,TSG 1899 Hoffenheim,false,45,23,61,40,35,41,36,35,40,46,58,59,45,50,51,48,67,54,67,21,50,58,27,29,45,47,55,64,62,11,12,9,7,13
Oliver,Baumann,1990-06-02,187,82,5,Germany,TSG 1899 Hoffenheim,true,14,11,16,34,11,19,12,11,30,17,37,41,45,82,43,59,66,39,69,13,32,21,10,44,22,52,15,18,14,83,81,78,80,83
Luca,Philipp,2000-11-28,192,83,1.2,Germany,TSG 1899 Hoffenheim,false,9,4,12,26,5,9,11,10,22,10,24,29,29,58,24,44,47,20,50,6,20,10,7,34,13,31,6,13,11,63,62,59,67,67
Jakob,Busk,1993-09-12,189,87,0.6,Denmark,TSG 1899 Hoffenheim,false,11,10,10,24,18,15,12,12,22,15,45,42,30,66,56,46,61,33,64,14,20,29,12,58,12,26,14,12,14,67,60,61,64,68
Lukas,Petersson,2004-02-09,195,96,0.4,Iceland,TSG 1899 Hoffenheim,false,12,8,18,30,8,10,13,11,29,15,38,30,29,50,25,41,59,27,66,9,28,7,8,36,10,34,8,10,10,58,57,55,57,58

Benedict,Hollerbach,2001-05-17,181,78,3.6,Germany,1. FC Union Berlin,true,63,77,62,73,69,79,45,46,60,77,87,81,80,77,79,78,79,81,69,71,73,25,78,68,65,72,24,24,22,10,14,6,13,9
Kevin,Volland,1992-07-30,179,85,6.5,Germany,1. FC Union Berlin,false,75,73,76,81,76,76,79,77,73,78,69,70,73,77,77,85,82,76,80,79,80,45,76,77,72,75,50,38,36,8,7,9,7,12
Andrej,Ilić,2000-04-03,189,86,1.9,Serbia,1. FC Union Berlin,true,34,69,59,57,57,59,45,32,41,67,70,74,53,50,68,70,89,70,83,56,74,21,70,54,62,63,28,15,25,6,15,14,13,8
Tim,Skarke,1996-09-07,181,79,3.3,Germany,1. FC Union Berlin,false,68,73,52,69,69,75,64,49,56,74,86,84,78,72,79,85,74,77,69,73,53,47,73,58,54,67,49,43,45,7,14,11,13,8
Woo-yeong,Jeong,1999-09-20,179,71,3.4,South Korea,1. FC Union Berlin,false,68,66,61,58,58,78,50,40,59,77,78,86,69,84,84,59,69,79,54,56,55,30,71,71,50,63,32,36,34,12,6,9,7,7
Marin,Ljubičić,2002-02-28,183,77,5.5,Croatia,1. FC Union Berlin,false,48,75,68,69,68,72,46,60,47,72,74,79,77,72,61,72,78,75,72,69,76,21,73,59,66,61,24,16,13,7,9,10,7,6
Ivan,Prtajin,1996-05-14,189,89,1.6,Croatia,1. FC Union Berlin,false,34,74,74,60,56,64,42,49,55,66,65,64,56,67,53,72,84,71,82,64,63,25,72,67,69,71,23,24,22,10,6,11,14,15
David,Preu,2004-10-26,172,64,0.4,Germany,1. FC Union Berlin,false,55,51,37,53,44,63,56,41,41,61,69,68,74,45,72,55,36,46,39,40,35,23,49,53,38,50,26,32,30,5,11,10,6,7
Janik,Haberer,1994-04-02,186,79,4,Germany,1. FC Union Berlin,true,59,63,54,77,64,75,69,55,74,77,62,54,68,75,59,77,64,79,67,67,73,73,76,61,71,71,61,64,58,14,16,10,15,13
László,Bénes,1997-09-09,181,72,4.9,Slovakia,1. FC Union Berlin,false,77,74,38,77,77,74,78,75,77,77,67,49,74,77,77,81,56,83,63,79,56,53,74,70,71,71,45,53,51,12,10,9,9,9
András,Schäfer,1999-04-13,178,72,5.5,Hungary,1. FC Union Berlin,true,63,57,48,77,45,73,45,53,71,77,73,74,81,78,79,71,63,90,60,71,72,73,72,69,42,71,66,67,57,13,14,14,10,5
Aljoscha,Kemlein,2004-08-02,185,78,2.6,Germany,1. FC Union Berlin,false,53,59,61,74,44,65,49,44,69,72,66,55,68,70,72,62,69,67,67,60,61,64,59,69,50,73,64,69,65,9,8,14,14,8
Rani,Khedira,1994-01-27,189,86,4.7,Germany,1. FC Union Berlin,true,42,34,75,68,29,58,38,41,63,68,53,54,54,75,55,58,79,71,83,51,86,78,43,59,46,69,83,78,74,9,13,11,12,8
Lucas,Tousart,1997-04-29,185,83,6,France,1. FC Union Berlin,false,56,47,75,74,43,70,39,45,72,70,52,75,59,70,65,73,79,82,82,62,81,74,57,60,48,67,74,75,74,11,15,16,10,15
Tom,Rothe,2004-10-29,192,85,8.5,Germany,1. FC Union Berlin,true,84,52,75,69,46,68,75,30,70,74,66,71,57,72,51,58,82,75,79,37,67,72,63,66,35,68,69,68,67,8,9,13,9,8
Robert,Skov,1996-05-25,185,81,3.8,Denmark,1. FC Union Berlin,false,85,72,54,75,73,75,87,86,72,75,77,73,75,73,73,87,71,72,68,82,72,67,71,70,80,71,69,67,67,15,16,15,13,11
Jérôme,Roussillon,1993-01-06,172,87,1.7,France,1. FC Union Berlin,false,67,63,61,68,57,70,73,56,66,71,79,76,77,68,80,75,79,73,73,65,72,71,66,66,51,67,67,71,71,9,7,13,8,15
Kevin,Vogt,1991-09-23,194,87,4.9,Germany,1. FC Union Berlin,true,63,34,74,77,45,66,50,62,80,71,58,75,53,76,46,76,73,67,83,49,69,78,55,67,59,78,76,77,74,6,13,8,7,14
Leopold,Querfeld,2003-12-20,190,83,6,Austria,1. FC Union Berlin,true,30,22,77,69,31,43,22,38,70,56,63,60,51,55,55,68,86,83,85,60,73,70,29,57,31,70,69,75,72,12,6,14,9,13
Diogo,Filipe Pinto Leite,1999-01-23,188,83,7.5,Portugal,1. FC Union Berlin,false,29,30,77,70,32,55,35,20,67,67,55,63,73,58,58,59,80,75,78,38,72,77,30,34,38,67,76,78,75,7,5,10,8,10
Oluwaseun,Ogbemudia,2006-01-01,188,82,0.5,Germany,1. FC Union Berlin,false,33,34,58,55,36,40,38,37,50,45,66,63,60,50,55,52,68,61,70,40,50,50,30,40,45,48,60,65,63,12,11,10,13,12
Danilho,Doekhi,1998-06-30,190,86,15.5,Netherlands,1. FC Union Berlin,true,46,39,83,70,39,60,39,29,68,69,57,58,64,76,59,61,86,68,86,31,76,75,49,57,33,75,79,79,74,9,9,10,13,14
Christopher,Trimmel,1987-02-24,189,82,1.2,Austria,1. FC Union Berlin,true,85,61,72,72,57,69,77,68,72,71,62,74,56,53,71,75,81,73,82,65,79,75,66,67,60,70,75,74,69,16,8,6,8,15
Josip,Juranović,1995-08-16,173,68,7,Croatia,1. FC Union Berlin,false,80,57,57,57,57,73,78,79,69,73,84,82,82,74,82,78,73,75,61,62,75,69,69,74,82,73,71,76,69,12,9,10,15,11
Frederik,Rønnow,1992-08-04,188,81,8,Denmark,1. FC Union Berlin,true,14,9,12,25,7,13,16,7,30,12,48,45,34,72,40,52,67,32,67,13,17,12,14,48,17,31,15,11,13,80,80,69,78,82
Alexander,Schwolow,1992-06-02,190,84,0.8,Germany,1. FC Union Berlin,false,9,12,12,26,11,15,13,16,23,23,36,39,40,70,42,47,60,31,65,15,26,13,10,36,22,24,16,17,9,72,62,63,70,73
Carl,Klaus,1993-01-09,187,83,0.6,Germany,1. FC Union Berlin,false,11,10,11,27,9,13,12,11,25,11,41,42,41,65,41,48,65,35,65,11,21,15,11,41,15,41,15,15,15,65,64,63,66,66

Jonathan,Burkardt,2000-07-11,181,79,32,Germany,1. FSV Mainz 05,true,62,84,77,74,76,81,60,52,60,78,82,69,76,79,77,80,82,78,77,74,72,42,84,71,71,76,45,38,33,14,9,9,6,14
Armindo,Sieb,2003-02-17,175,82,5.5,Germany,1. FSV Mainz 05,false,47,73,60,65,66,78,48,43,50,76,84,80,85,72,81,73,78,72,70,67,53,24,73,62,61,64,31,18,11,13,10,7,11,15
Nelson,Weiper,2005-03-17,192,83,2.9,Germany,1. FSV Mainz 05,false,39,70,72,50,62,68,46,43,37,68,64,74,63,67,56,65,81,60,77,57,66,18,70,51,57,59,23,20,19,10,13,12,6,6
Paul,Nebel,2002-10-10,169,66,4.2,Germany,1. FSV Mainz 05,true,55,66,39,72,51,76,63,47,67,73,79,74,90,91,68,62,54,49,40,61,42,35,69,52,61,72,47,36,32,11,9,10,6,9
Hyeon-seok,Hong,1999-06-16,177,74,5.5,South Korea,1. FSV Mainz 05,false,73,74,41,76,76,75,67,65,69,75,77,67,84,74,81,70,60,85,59,68,69,68,72,58,74,74,66,71,68,13,9,7,13,10
Jae-sung,Lee,1992-08-10,181,74,8.5,South Korea,1. FSV Mainz 05,true,68,71,81,76,72,80,71,54,70,81,74,64,85,78,82,71,82,85,48,73,62,65,81,75,50,78,53,65,60,14,7,15,6,8
Phillipp,Mwene,1994-01-29,172,68,6.5,Austria,1. FSV Mainz 05,true,76,52,44,73,42,75,64,46,64,73,83,78,82,75,86,62,67,85,66,56,59,74,70,67,42,70,73,72,72,12,9,11,9,7
Nadiem,Amiri,1996-10-27,180,76,15,Germany,1. FSV Mainz 05,true,79,71,42,80,70,83,80,78,77,81,76,59,81,78,79,81,65,72,69,76,68,68,81,82,67,81,66,59,42,12,12,14,12,10
Daniel,Gleiber,2005-02-01,178,72,0.6,Germany,1. FSV Mainz 05,false,61,50,48,67,52,66,66,68,65,66,67,66,59,68,68,67,52,51,58,52,55,32,54,55,54,60,49,52,50,15,14,9,13,6
Kaishu,Sano,2000-12-30,176,67,15.5,Japan,1. FSV Mainz 05,true,53,43,74,78,46,76,45,45,74,75,76,79,77,77,77,65,81,84,54,51,74,79,66,70,49,75,77,78,67,7,11,7,8,8
Lennard,Maloney,1999-10-08,187,88,3.8,United States,1. FSV Mainz 05,false,48,42,70,67,39,59,44,42,63,60,55,71,56,69,61,49,77,90,84,45,87,76,40,45,46,67,74,75,76,10,8,11,11,14
Anthony,Caci,1997-07-01,185,76,10,France,1. FSV Mainz 05,true,75,57,73,74,47,71,72,48,74,76,67,70,68,76,65,63,78,78,73,47,68,73,69,68,52,70,74,77,76,11,9,12,7,8
Silvan,Widmer,1993-03-05,183,80,2.2,Switzerland,1. FSV Mainz 05,false,73,59,72,70,48,69,70,56,70,72,75,75,75,68,75,72,85,81,77,62,67,71,70,56,76,76,69,65,65,10,8,7,5,14
Arnaud,Nordin,1998-06-17,170,70,5,France,1. FSV Mainz 05,false,70,73,68,74,60,76,69,50,76,69,82,81,75,81,72,74,78,65,71,58,31,34,71,58,68,68,32,26,26,14,6,13,10,13
Nikolas,Veratschnig,2003-01-24,180,75,2.2,Austria,1. FSV Mainz 05,false,60,48,53,64,28,65,42,34,59,65,70,79,71,65,63,61,66,77,69,58,68,61,56,63,39,53,60,65,63,14,7,8,14,5
Andreas,Hanche-Olsen,1997-01-17,185,82,8,Norway,1. FSV Mainz 05,true,58,35,77,68,31,62,42,29,61,60,68,70,67,67,74,51,86,68,81,32,87,76,48,45,38,76,76,78,72,10,13,15,6,12
Moritz,Jenz,1999-04-30,190,86,6.5,Germany,1. FSV Mainz 05,true,35,27,73,69,28,51,25,22,62,59,66,61,51,74,55,38,76,65,85,27,86,69,25,38,27,66,75,76,79,11,12,11,8,11
Stefan,Bell,1991-08-24,192,88,2,Germany,1. FSV Mainz 05,false,43,31,79,60,32,46,33,40,50,64,33,34,73,72,33,64,71,40,85,30,73,74,32,47,31,76,77,64,64,7,16,8,13,14
Maxim,Leitsch,1998-05-16,189,83,3.1,Germany,1. FSV Mainz 05,false,59,29,71,69,30,57,44,35,61,54,77,75,74,58,74,56,76,72,35,35,67,74,44,40,39,65,75,75,74,12,14,14,7,12
Dominik,Kohr,1994-01-31,183,80,4.6,Germany,1. FSV Mainz 05,false,42,58,70,45,45,68,51,48,72,71,77,67,74,67,74,77,83,76,71,71,93,76,52,64,47,76,73,75,71,6,11,9,10,7
Maxim,Dal,2006-01-26,189,85,0.6,Germany,1. FSV Mainz 05,false,39,36,58,43,39,42,43,36,39,44,62,62,57,55,56,56,66,52,68,41,52,58,31,33,46,44,56,62,60,7,9,12,6,8
Danny,da Costa,1993-07-13,187,87,3.5,Germany,1. FSV Mainz 05,true,65,51,71,64,54,71,66,49,68,68,75,75,65,66,72,68,84,78,78,55,79,72,70,68,40,65,72,75,77,15,15,12,6,6
Robin,Zentner,1994-10-28,194,96,9.5,Germany,1. FSV Mainz 05,true,17,14,18,29,15,11,14,16,26,16,60,64,30,45,77,44,80,29,83,13,42,18,10,22,25,46,17,17,13,81,74,59,72,83
Daniel,Batz,1991-01-12,191,90,0.6,Germany,1. FSV Mainz 05,false,16,11,20,36,12,19,10,10,23,12,36,33,44,38,66,50,61,29,61,12,23,14,12,39,23,48,30,17,12,71,69,67,71,74
Lasse,Rieß,2001-07-27,192,88,1.1,Germany,1. FSV Mainz 05,false,10,9,13,27,5,9,13,11,14,14,32,33,35,25,60,44,57,22,65,8,28,14,8,34,16,39,8,13,13,63,62,59,63,64

Phillip,Tietz,1997-07-09,190,86,5,Germany,FC Augsburg,true,37,76,74,67,75,66,51,59,50,73,64,66,63,75,56,78,83,77,84,66,75,25,78,63,67,72,26,36,23,10,7,5,11,7
Samuel,Essende,1998-01-23,192,87,4,France,FC Augsburg,false,34,78,74,62,66,69,50,34,41,68,73,74,62,54,66,70,89,82,89,58,64,18,78,52,64,58,22,22,18,8,10,10,9,8
Steve,Mounié,1994-09-29,190,83,5.5,Benin,FC Augsburg,false,60,75,87,70,68,72,55,55,60,75,53,72,57,49,49,78,88,66,86,72,78,42,77,64,67,78,41,36,36,14,15,6,12,15
Mërgim,Berisha,1998-05-11,188,84,18.5,Germany,FC Augsburg,false,69,80,73,77,77,75,80,77,65,77,73,69,78,66,66,83,83,66,75,75,67,32,81,73,76,75,32,26,26,10,5,10,7,6
Elvis,Rexhbecaj,1997-11-01,182,78,4.9,Kosovo,FC Augsburg,true,68,59,58,50,77,74,51,51,74,74,63,56,71,70,74,83,68,79,75,68,84,67,72,71,54,65,73,68,68,14,11,6,8,14
Alexis,Claude-Maurice,1998-06-06,175,62,5,France,FC Augsburg,true,64,69,59,76,58,80,80,69,68,80,73,78,87,71,80,75,69,61,73,73,67,72,75,65,74,74,69,71,66,11,13,15,14,15
Fredrik,Jensen,1997-09-09,183,78,3.6,Finland,FC Augsburg,false,68,68,56,76,70,76,61,44,74,74,68,68,71,74,67,75,71,78,74,74,64,53,73,74,48,72,53,58,56,5,11,6,6,7
Mert,Kömür,2005-07-17,183,77,1.4,Germany,FC Augsburg,false,50,59,47,64,51,72,63,53,61,69,63,67,71,71,71,69,49,56,62,62,48,26,58,61,61,61,35,42,42,11,7,12,5,14
Juan,Cabrera,2003-02-27,188,71,0.8,Uruguay,FC Augsburg,false,56,60,50,63,57,65,60,53,61,62,55,67,49,56,56,65,51,50,62,62,48,27,60,66,61,61,52,57,57,15,14,5,6,6
Dimitris,Giannoulis,1995-10-17,175,71,3.8,Greece,FC Augsburg,true,68,40,60,68,44,72,69,40,59,70,79,84,76,73,72,68,71,76,56,43,66,74,63,63,39,65,70,71,69,14,5,13,9,12
Mads,Pedersen,1996-09-01,174,72,2.9,Denmark,FC Augsburg,false,68,45,48,70,46,73,55,37,63,71,85,79,82,71,78,66,67,73,58,54,82,68,71,66,41,58,68,72,70,8,8,7,9,11
Frank,Onyeka,1998-01-01,183,70,3,Nigeria,FC Augsburg,true,55,64,63,73,53,71,60,42,72,74,68,85,73,71,71,70,74,76,74,58,79,76,70,70,48,70,71,73,68,15,9,7,6,14
Kristijan,Jakic,1997-05-14,181,75,5.5,Croatia,FC Augsburg,true,53,52,69,72,60,65,41,45,71,71,76,59,65,74,74,79,81,78,75,70,88,72,55,66,49,69,75,76,74,10,10,5,9,10
Arne,Maier,1999-01-08,187,84,7,Germany,FC Augsburg,false,71,59,49,79,43,75,56,53,76,77,66,58,75,72,75,75,68,70,77,66,61,70,73,77,38,74,71,72,70,14,10,10,8,7
Mahmut,Kücüksahin,2004-04-07,177,70,0.5,Turkey,FC Augsburg,false,39,33,51,62,34,57,52,44,56,56,62,55,58,72,58,41,44,53,39,37,60,53,39,52,38,51,54,59,64,8,13,11,12,7
Marius,Wolf,1995-05-27,188,81,4.9,Germany,FC Augsburg,true,76,73,57,64,76,75,69,70,64,73,75,78,66,66,75,75,76,80,70,77,78,72,72,52,77,72,70,72,72,12,15,7,16,8
Henri,Koudossou,1999-09-03,180,76,1.4,Germany,FC Augsburg,false,66,47,57,48,69,68,48,47,65,48,67,68,50,64,67,62,63,68,55,57,71,59,64,48,57,50,65,67,62,8,15,15,7,10
Yusuf,Kabadayi,2004-02-02,186,75,2.2,Germany,FC Augsburg,false,56,65,51,59,60,72,62,46,68,69,84,89,82,63,69,67,70,60,55,70,35,14,60,56,62,56,18,19,17,5,14,13,7,11
Cédric,Zesiger,1998-06-24,194,92,4.9,Switzerland,FC Augsburg,true,42,37,76,69,33,60,29,22,69,65,55,77,49,72,42,64,83,72,85,41,76,73,47,54,69,69,75,73,69,5,14,12,10,5
Jeffrey,Gouweleeuw,1991-07-10,188,83,7,Netherlands,FC Augsburg,true,60,46,77,68,49,60,45,54,75,66,65,68,76,64,64,72,90,55,76,76,77,79,61,71,74,74,80,80,74,13,7,16,13,7
Keven,Schlotterbeck,1997-04-28,189,86,8,Germany,FC Augsburg,false,25,23,79,69,36,49,29,32,64,58,56,65,54,74,55,45,84,57,84,26,67,74,27,58,39,68,78,80,72,13,14,11,10,8
Robert,Gumny,1998-06-04,182,71,1.8,Poland,FC Augsburg,false,65,35,53,68,46,66,54,31,52,70,77,75,68,74,74,47,71,75,68,45,53,69,57,38,64,64,68,66,66,11,6,13,12,6
Noahkai,Banks,2006-12-01,193,80,0.7,United States,FC Augsburg,false,37,32,60,51,31,39,33,35,50,45,59,63,57,64,64,40,70,72,30,30,55,60,33,48,48,55,60,64,61,15,9,5,15,13
Reece,Oxford,1998-12-16,193,86,3.4,England,FC Augsburg,false,34,23,74,66,36,59,44,36,58,62,60,62,73,53,53,49,80,33,80,37,72,73,34,55,48,67,74,72,72,10,11,7,9,14
David,Deger,2000-02-13,179,70,0.4,Germany,FC Augsburg,false,35,30,60,31,31,47,24,28,48,55,55,59,56,68,60,37,58,55,53,35,67,61,33,42,37,56,63,64,61,14,10,15,12,7
Felix,Meiser,2007-01-16,189,78,0.6,Germany,FC Augsburg,false,36,26,62,50,33,49,32,36,48,54,55,55,49,54,51,47,65,59,63,29,62,61,38,46,45,46,58,65,60,7,10,5,12,13
Chrislain,Matsima,2002-05-15,193,80,3.3,France,FC Augsburg,true,31,29,75,64,24,54,31,23,51,60,62,82,37,68,34,54,83,46,81,24,69,69,41,44,43,70,69,70,64,12,8,8,6,11
Finn,Dahmen,1998-03-27,188,80,5.5,Germany,FC Augsburg,true,14,8,12,42,5,25,13,12,37,30,47,43,52,74,56,59,58,31,52,6,20,13,9,54,11,33,19,12,11,75,67,79,73,79
Nediljko,Labrović,1999-10-10,196,91,5,Croatia,FC Augsburg,false,12,9,12,39,7,15,11,14,41,21,41,39,46,69,51,47,68,28,78,8,31,15,6,43,18,41,17,18,19,73,68,63,73,76
Daniel,Klein,2001-03-13,191,84,0.7,Germany,FC Augsburg,false,10,8,12,26,6,9,8,9,24,14,20,27,28,57,31,42,49,23,57,6,17,7,8,35,14,29,6,15,12,61,59,56,58,63

Davie,Selke,1995-01-20,195,84,4.2,Germany,Hamburger SV,true,40,74,79,63,81,67,65,40,44,66,69,84,67,74,59,75,86,62,79,65,87,29,77,59,72,64,33,39,20,12,11,7,11,14
Robert,Glatzel,1994-01-08,193,85,4.1,Germany,Hamburger SV,false,39,77,81,60,75,65,50,40,73,73,64,62,75,41,75,77,89,82,85,64,59,24,77,48,68,69,20,28,25,10,11,14,13,9
Otto,Stange,2007-02-09,185,70,0.5,Germany,Hamburger SV,false,30,63,55,50,40,56,39,29,52,57,60,52,49,62,58,56,60,58,58,52,45,14,56,42,66,47,19,20,11,11,5,12,15,5
Jean-Luc,Dompé,1995-08-12,170,65,3.1,France,Hamburger SV,true,78,66,36,65,70,78,82,77,62,74,81,72,90,89,67,80,56,73,50,75,42,39,71,72,57,73,31,44,42,11,7,9,11,12
Fabio,Baldé,2005-07-20,182,75,0.6,Germany,Hamburger SV,false,56,55,45,46,46,63,57,44,48,62,77,79,62,63,48,61,65,67,45,65,50,28,59,55,48,55,35,34,27,12,9,6,8,10
Alexander,Rossing-Lelesiit,2007-01-20,184,70,0.6,Norway,Hamburger SV,false,58,55,32,46,46,63,52,37,45,62,72,75,69,38,81,52,38,35,37,45,44,17,58,45,53,47,22,22,30,13,13,9,8,13
Emir,Sahiti,1998-11-29,174,65,2.4,Kosovo,Hamburger SV,true,67,68,52,62,62,73,71,64,71,71,83,82,68,84,68,73,68,56,68,68,78,34,68,65,59,63,42,37,37,14,12,14,13,5
Ransford-Yeboah,Königsdörffer,2001-09-13,182,78,2.6,Ghana,Hamburger SV,false,60,69,65,52,52,74,60,39,56,71,85,77,80,80,80,65,77,71,60,63,43,40,67,64,57,63,42,35,35,15,10,9,6,7
Marco,Richter,1997-11-24,176,74,1.7,Germany,Hamburger SV,false,62,68,66,69,69,73,69,67,72,74,84,64,70,82,70,72,79,65,79,74,41,40,68,67,56,70,56,51,51,12,13,7,5,10
Adedire,Mebude,2004-05-28,189,78,1.4,Scotland,Hamburger SV,false,58,57,46,64,64,69,59,42,47,67,79,72,76,60,60,73,63,58,59,59,38,25,57,58,63,60,22,17,26,6,10,5,6,15
Bakery,Jatta,1998-06-06,184,79,1.9,Gambia,Hamburger SV,false,70,58,67,59,59,69,62,49,64,64,84,83,67,59,63,72,82,78,63,63,62,39,72,71,68,68,39,57,37,6,11,8,9,9
Levin,Öztunali,1996-03-15,184,81,1.2,Germany,Hamburger SV,false,63,54,68,64,64,70,76,70,69,69,75,72,66,69,66,68,72,71,67,67,57,54,67,58,67,67,48,49,49,10,16,13,15,9
Bilal,Yalcinkaya,2006-03-30,182,72,0.6,Germany,Hamburger SV,false,51,38,56,49,49,63,59,41,60,60,67,69,49,72,72,58,42,47,51,51,39,26,53,45,56,56,30,33,33,15,8,10,7,5
Ludovit,Reis,2000-06-01,178,78,4.8,Netherlands,Hamburger SV,true,54,54,73,48,48,76,64,44,76,76,71,74,68,81,81,66,68,62,68,68,72,70,75,51,74,74,71,64,64,10,15,14,11,7
Milad,Nejad,2003-09-29,182,77,0.5,Germany,Hamburger SV,false,55,50,63,51,51,58,56,50,60,60,64,61,55,61,61,60,58,59,51,51,50,37,55,48,57,57,44,45,45,5,8,11,12,9
Adam,Karabec,2003-07-02,185,74,4.1,Czech Republic,Hamburger SV,true,65,64,49,73,65,75,63,59,66,72,74,73,80,68,71,66,65,67,64,63,51,29,69,73,77,74,33,32,38,14,14,8,7,13
Łukasz,Poręba,2000-03-13,179,76,2.2,Poland,Hamburger SV,false,54,53,59,72,35,63,43,56,71,71,68,65,72,75,71,58,71,77,72,52,60,71,63,69,54,66,68,69,64,11,5,14,9,12
Immanuel,Pherai,2001-04-25,175,74,2.5,Suriname,Hamburger SV,false,57,61,42,70,53,74,64,53,65,72,78,80,89,71,86,51,56,83,50,58,34,51,66,71,50,65,36,29,38,11,10,13,7,9
Jonas,Meffert,1994-09-04,186,76,2,Germany,Hamburger SV,true,52,42,64,73,46,64,49,40,70,70,53,63,65,65,65,57,70,77,75,55,74,69,43,66,51,65,72,69,69,8,13,12,15,8
Miro,Muheim,1998-03-24,182,77,5,Switzerland,Hamburger SV,true,74,62,59,73,51,72,72,72,70,72,77,72,71,68,71,72,74,83,68,70,68,68,69,69,56,68,72,71,69,11,14,10,8,7
Noah,Katterbach,2001-04-13,180,73,2.7,Germany,Hamburger SV,false,62,40,53,66,31,72,41,31,53,71,72,71,68,76,77,46,61,64,54,32,59,67,48,50,41,70,66,68,67,12,13,12,10,8
Nicolas-Bernd,Oliveira,2004-02-06,187,81,1.8,Germany,Hamburger SV,false,56,34,45,57,28,59,49,32,48,54,69,79,56,58,59,30,60,62,65,25,51,57,55,48,34,40,55,57,53,9,11,7,5,10
Daniel,Elfadli,1997-04-06,188,78,2.5,Libya,Hamburger SV,true,57,53,64,69,40,59,50,49,63,62,67,63,58,68,63,59,74,73,78,48,74,77,40,44,48,65,74,72,72,11,14,12,10,14
Aboubaka,Soumahoro,2005-02-04,184,71,1.3,France,Hamburger SV,false,44,22,67,62,21,55,38,25,56,62,61,73,48,53,58,34,73,56,72,17,65,58,36,49,38,62,57,68,63,13,13,14,12,12
Joel,Agyekum,2005-03-08,190,79,0.4,Germany,Hamburger SV,false,42,25,56,55,31,37,34,30,50,35,62,57,44,59,49,40,60,64,55,26,61,59,31,35,28,45,58,62,58,14,11,13,12,12
Dennis,Hadzikadunic,1998-07-09,191,81,2.1,Bosnia and Herzegovina,Hamburger SV,true,34,29,68,67,27,43,34,23,57,63,58,67,60,63,43,74,77,70,79,42,68,70,68,66,37,66,70,70,70,14,9,11,7,8
Sebastian,Schonlau,1994-08-05,185,80,1.6,Germany,Hamburger SV,false,40,39,72,68,31,53,34,42,60,60,62,61,69,60,60,78,74,74,68,48,71,74,44,51,44,67,71,71,71,15,13,11,8,9
Valon,Zumberi,2002-11-24,188,84,0.6,Kosovo,Hamburger SV,false,24,25,62,42,31,27,36,24,38,31,53,40,50,38,38,68,67,54,60,50,60,65,22,35,31,44,60,60,60,15,8,6,10,5
William,Mikelbrencis,2004-02-25,176,64,2,France,Hamburger SV,true,64,30,55,64,33,62,45,33,61,61,76,70,58,61,61,63,62,53,57,33,59,65,56,44,55,54,66,64,64,14,9,11,7,10
Silvan,Hefti,1997-10-25,183,83,2.5,Switzerland,Hamburger SV,false,65,38,66,68,53,63,56,43,64,65,74,79,71,66,65,70,81,79,52,52,67,65,52,59,47,65,70,70,72,11,12,10,8,11
Daniel,Heuer Fernandes,1992-11-13,188,81,1.6,Portugal,Hamburger SV,true,8,11,10,43,7,13,12,51,26,7,40,38,70,75,72,69,75,72,75,28,15,7,48,19,28,28,12,12,12,73,72,75,75,72
Matheo,Raab,1998-12-18,186,82,1.7,Germany,Hamburger SV,false,11,5,10,32,8,14,13,23,24,8,18,24,60,47,70,69,67,70,70,39,10,8,36,17,39,39,12,12,12,70,69,70,70,70
Hannes,Hermann,2005-03-23,189,77,0.2,Germany,Hamburger SV,false,10,7,10,22,6,10,10,19,18,6,18,10,37,36,51,57,56,51,58,19,9,4,23,16,19,19,13,13,13,53,51,58,51,56

Marvin,Ducksch,1994-03-07,188,79,10.5,Germany,SV Werder Bremen,true,80,79,76,78,76,74,84,80,72,81,66,60,65,81,65,78,79,64,70,77,49,34,79,84,72,76,24,30,22,6,12,7,12,16
Oliver,Burke,1997-04-07,188,82,1.1,Scotland,SV Werder Bremen,true,62,66,66,63,61,70,61,58,58,67,86,85,74,70,70,76,84,76,76,66,70,40,70,60,60,65,40,42,38,13,11,7,7,15
André,Miguel Valente da Silva,1995-11-06,185,84,18,Portugal,SV Werder Bremen,false,66,78,77,75,75,78,76,75,70,78,74,72,75,78,74,80,84,76,76,76,70,55,78,72,78,78,34,38,32,14,13,7,11,8
Justin,Njinmah,2000-11-15,184,75,6,Germany,SV Werder Bremen,false,58,74,60,66,66,74,68,48,60,72,90,90,74,78,78,84,75,60,68,68,35,33,73,68,60,60,27,25,18,12,9,10,7,6
Marco,Grüll,1998-07-06,182,74,6.5,Austria,SV Werder Bremen,false,72,76,58,68,68,78,72,76,66,76,84,79,71,73,73,76,76,90,73,75,47,29,72,70,69,69,46,30,30,7,9,11,10,9
Keke,Topp,2004-03-25,192,94,2.5,Germany,SV Werder Bremen,false,42,70,68,62,63,62,32,31,46,67,55,64,55,64,55,75,77,68,85,52,68,21,65,48,58,54,20,23,20,14,7,14,12,14
Maik,Lukowicz,1995-02-01,188,78,0.4,Poland,SV Werder Bremen,false,44,66,67,60,62,56,48,33,36,62,53,55,61,54,54,64,67,60,68,57,64,29,63,52,60,60,31,30,20,10,6,9,15,10
Romano,Schmid,2000-01-27,168,73,8,Austria,SV Werder Bremen,true,69,57,39,76,55,83,70,46,63,79,78,76,87,85,77,75,56,81,51,68,45,64,72,72,52,68,57,50,39,7,9,7,9,6
Abdenego,Nankishi,2002-07-06,178,76,1.1,Germany,SV Werder Bremen,false,55,51,30,50,50,70,56,39,64,63,87,80,81,77,62,57,69,63,60,49,37,50,52,47,57,57,21,27,19,10,13,9,14,15
Leon,Opitz,2005-04-11,183,79,0.8,Germany,SV Werder Bremen,false,57,63,37,51,51,61,57,42,54,61,73,62,66,66,66,59,54,58,58,58,40,30,60,46,54,54,22,46,35,10,13,13,10,8
Jens,Stage,1996-11-08,185,83,11,Denmark,SV Werder Bremen,true,66,70,79,78,68,74,62,56,75,79,67,64,69,79,72,77,84,78,69,77,78,75,76,74,60,75,71,76,70,11,12,5,10,6
Leonardo,Bittencourt,1993-12-19,171,63,2.9,Germany,SV Werder Bremen,false,67,67,46,75,70,78,75,70,71,77,77,55,91,72,89,71,57,73,46,72,75,57,68,69,63,74,57,59,62,15,11,6,14,16
Patrice,Covic,2007-06-25,176,68,0.7,Croatia,SV Werder Bremen,false,53,53,39,62,52,62,60,52,57,58,73,66,75,60,76,59,39,30,54,53,37,36,55,63,56,65,40,40,36,13,15,15,8,14
Wesley,Adeh,2007-01-08,187,77,0.5,Germany,SV Werder Bremen,false,54,40,54,63,49,55,50,46,57,62,63,65,51,62,57,57,51,48,54,54,58,61,45,54,48,57,59,50,50,12,12,14,6,15
Senne,Lynen,1999-02-19,185,80,9,Belgium,SV Werder Bremen,true,68,57,64,79,49,66,62,65,74,69,56,81,55,77,62,72,71,75,67,71,73,80,65,76,50,81,75,73,65,10,10,9,8,13
Skelly,Alvero,2002-05-04,202,93,3,France,SV Werder Bremen,false,52,49,59,70,52,70,53,40,66,69,54,62,63,66,30,58,75,67,92,54,66,63,70,44,70,70,62,69,64,12,5,14,5,11
Felix,Agu,1999-09-27,180,67,4.1,Germany,SV Werder Bremen,true,59,46,67,69,52,75,61,31,46,72,87,84,74,84,74,41,74,76,53,51,73,67,65,40,62,65,66,73,69,11,15,10,12,10
Derrick,Köhn,1999-02-04,180,73,8.5,Germany,SV Werder Bremen,false,74,67,58,72,57,81,74,69,70,76,88,87,73,72,72,78,80,73,75,75,65,69,65,43,61,61,67,73,72,9,14,7,9,13
Amos,Pieper,1998-01-17,192,86,3.5,Germany,SV Werder Bremen,true,37,27,74,66,26,46,30,35,58,59,60,66,38,74,49,50,72,78,23,44,66,73,31,48,71,71,75,74,74,12,12,10,9,11
Marco,Friedl,1998-03-16,187,82,6.5,Austria,SV Werder Bremen,true,63,37,66,68,47,64,45,42,74,70,67,74,65,75,62,48,76,69,44,44,79,77,56,50,71,71,78,81,76,11,15,6,6,7
Anthony,Jung,1991-11-03,185,81,1.5,Germany,SV Werder Bremen,false,67,57,68,67,62,64,66,68,66,68,61,61,64,69,66,72,75,71,77,66,73,70,59,50,66,66,73,74,76,11,13,7,11,10
Miloš,Veljković,1995-09-26,188,83,2.6,Serbia,SV Werder Bremen,false,43,27,76,64,30,50,31,24,65,66,36,33,58,74,63,45,74,68,78,31,69,73,37,44,71,74,75,73,73,15,7,15,11,11
Julián,Malatini,2001-05-31,191,84,2.2,Argentina,SV Werder Bremen,false,57,33,67,64,26,64,45,40,67,67,71,77,68,61,61,28,75,73,70,32,72,69,62,50,64,64,67,68,71,13,13,14,11,13
Mick,Schmetgens,2007-09-09,190,85,0.4,Germany,SV Werder Bremen,false,37,29,56,37,37,31,36,36,39,39,66,70,40,45,45,49,67,60,68,24,51,57,25,31,42,42,56,59,57,9,7,9,14,11
Karim,Coulibaly,2007-05-23,185,75,0.6,Germany,SV Werder Bremen,false,32,28,59,51,32,35,34,25,43,43,61,65,55,59,59,41,65,54,64,23,59,57,29,30,44,44,55,65,62,15,10,13,6,7
Niklas,Stark,1995-04-14,190,88,3.9,Germany,SV Werder Bremen,true,50,45,77,72,48,65,41,35,65,67,72,75,65,73,62,63,80,73,79,52,72,74,48,68,39,69,74,74,74,7,15,10,15,13
Mitchell,Weiser,1994-04-21,177,70,9,Germany,SV Werder Bremen,true,74,65,66,62,62,83,69,52,80,78,78,80,84,82,81,60,74,85,61,61,66,75,74,76,58,76,67,72,72,13,15,10,13,9
Issa,Kaboré,2001-05-12,180,72,6,Burkina Faso,SV Werder Bremen,false,68,36,59,69,22,70,52,29,60,71,87,87,79,72,72,42,80,73,73,44,76,65,63,63,24,70,64,67,72,10,8,9,14,13
Michael,Zetterer,1995-07-12,187,79,6,Germany,SV Werder Bremen,true,17,16,19,50,16,17,14,14,64,29,39,44,32,76,40,61,66,38,70,14,29,21,13,51,15,43,16,12,12,76,71,81,73,76
Markus,Kolke,1990-08-18,187,91,0.5,Germany,SV Werder Bremen,false,12,15,20,24,20,13,11,13,21,18,48,40,39,58,45,46,73,45,78,11,18,21,19,25,29,23,11,17,19,70,66,61,69,71
Mio,Backhaus,2004-04-16,194,82,1.5,Germany,SV Werder Bremen,false,10,8,12,23,8,13,13,13,23,19,15,24,39,29,29,45,48,25,56,6,18,13,4,40,12,32,7,10,11,65,60,60,63,69

Damion,Downs,2004-07-06,192,80,3,Germany,1. FC Köln,true,44,73,73,64,64,68,40,41,68,67,71,55,69,50,64,77,51,69,55,43,18,72,51,68,59,20,18,20,12,7,11,15,9,12
Steffen,Tigges,1998-07-31,193,90,1.4,Germany,1. FC Köln,false,59,67,72,65,63,62,42,48,62,54,55,40,69,34,75,75,73,87,57,75,40,66,58,55,63,44,42,38,6,13,14,11,10,11
Imad,Rondic,1999-02-16,190,83,1.1,Bosnia and Herzegovina,1. FC Köln,false,28,70,58,52,53,59,35,38,60,61,66,62,53,52,68,77,79,54,54,70,56,70,61,61,58,25,20,20,12,6,11,15,6,12
Oliver,Issa Schmitt,2000-06-04,180,73,0.6,Germany,1. FC Köln,false,60,44,60,53,51,62,40,51,62,83,79,71,48,72,60,61,58,40,58,23,54,54,54,54,35,27,27,15,5,10,7,10,10,15
Tim,Lemperle,2002-02-05,187,78,4.2,Germany,1. FC Köln,true,62,75,69,63,57,75,53,45,55,75,77,73,69,62,64,74,80,81,72,50,55,30,74,54,55,62,30,33,30,9,10,8,7,14
Linton,Maina,1999-06-23,173,70,4,Germany,1. FC Köln,false,69,69,44,69,56,72,66,50,62,71,89,92,85,70,87,63,59,79,48,50,51,31,66,67,47,63,29,28,25,14,12,14,7,8
Jaka,Čuber Potočnik,2005-06-17,189,78,0.7,Slovenia,1. FC Köln,false,44,68,62,49,58,63,49,66,33,65,62,59,51,51,49,59,67,55,64,50,35,15,55,45,61,45,19,17,15,8,5,6,8,11
Luca,Waldschmidt,1996-05-19,181,74,1.9,Germany,1. FC Köln,true,63,71,56,69,73,74,73,63,65,73,70,69,77,69,76,81,66,67,60,77,44,28,70,72,84,70,33,19,18,14,10,7,9,16
Florian,Kainz,1992-10-24,176,71,4.7,Austria,1. FC Köln,true,79,72,55,76,58,75,78,73,75,75,71,67,84,77,82,77,63,68,54,76,67,31,74,78,81,75,55,41,34,11,7,10,15,13
Dejan,Ljubicic,1997-10-08,187,74,4.9,Austria,1. FC Köln,true,66,70,66,73,55,73,64,47,72,75,67,77,71,74,65,73,75,88,74,69,75,71,70,73,57,71,69,71,71,11,14,12,5,8
Denis,Huseinbasic,2001-07-03,184,76,3.8,Bosnia and Herzegovina,1. FC Köln,false,44,67,53,75,42,70,44,36,69,72,67,70,68,70,70,61,65,76,67,58,74,65,69,73,43,70,64,63,60,10,5,14,9,15
Marvin,Obuz,2002-01-25,182,75,2.1,Germany,1. FC Köln,false,55,65,42,67,55,70,56,48,57,66,76,69,75,66,68,68,60,81,60,60,46,27,64,64,49,56,27,30,22,14,6,9,15,8
Mathias,Olesen,2001-03-21,188,78,1.6,Luxembourg,1. FC Köln,false,45,40,53,72,42,68,40,35,70,70,64,74,61,66,53,60,67,66,71,42,64,62,64,66,45,59,59,68,62,9,6,8,7,6
Emin,Kujovic,2004-09-09,190,80,0.5,Montenegro,1. FC Köln,false,56,53,50,64,42,63,56,61,62,63,69,64,59,52,48,52,63,56,70,44,56,55,52,54,58,40,41,56,56,7,8,7,10,8
Eric,Martel,2002-04-29,188,81,12,Germany,1. FC Köln,true,52,50,69,71,35,71,46,43,63,72,65,62,67,74,69,53,77,90,78,55,75,78,56,65,38,75,77,75,73,5,10,13,5,15
Jacob,Christensen,2001-06-25,178,65,2.9,Denmark,1. FC Köln,false,61,52,48,72,55,67,66,55,69,68,67,68,74,62,78,65,61,70,66,57,67,69,60,69,48,72,70,68,66,9,11,9,12,13
Fayssal,Harchaoui,2006-01-15,175,67,0.4,Germany,1. FC Köln,false,44,34,40,57,29,49,35,34,54,50,63,64,68,54,75,46,41,45,48,30,60,56,33,49,45,55,55,59,55,8,13,13,14,10
Leart,Paqarada,1994-10-08,184,76,2.1,Kosovo,1. FC Köln,true,78,36,57,73,41,72,78,75,70,72,74,67,73,72,67,68,71,76,66,54,65,66,53,68,39,66,64,69,67,10,9,11,7,15
Max,Finkgräfe,2004-03-27,183,71,2.9,Germany,1. FC Köln,false,67,36,50,67,41,75,55,71,49,70,74,77,74,67,72,59,67,69,66,47,59,67,57,52,38,66,62,68,67,14,11,10,6,6
Dominique,Heintz,1993-08-15,188,89,1.9,Germany,1. FC Köln,true,55,23,72,66,26,58,55,32,65,62,52,56,42,71,48,49,71,66,83,56,76,73,45,61,41,68,72,72,69,14,15,7,9,15
Mikail,Özkan,2003-03-29,184,76,0.5,Germany,1. FC Köln,false,26,18,60,52,26,45,25,22,40,45,62,60,44,60,59,37,64,55,58,22,56,61,21,33,38,44,58,62,63,12,14,11,13,13
Timo,Hübers,1996-07-20,190,82,4.5,Germany,1. FC Köln,true,42,34,74,67,35,54,38,39,65,58,74,70,60,76,57,52,85,67,79,40,74,77,42,53,40,66,74,73,73,14,11,14,9,13
Joël,Schmied,1998-09-23,188,84,1.5,Switzerland,1. FC Köln,false,26,36,76,60,31,33,25,30,52,42,60,62,56,54,57,43,84,73,79,19,58,66,29,27,35,53,67,72,70,6,7,6,13,7
Julian,Pauli,2005-07-18,190,80,1.6,Germany,1. FC Köln,false,32,20,62,58,22,31,19,30,44,48,68,69,52,56,55,38,74,58,73,25,64,64,23,32,35,46,62,69,67,12,12,7,14,6
Luca,Kilian,1999-09-01,192,91,2.1,Germany,1. FC Köln,false,48,36,71,64,29,48,31,35,61,59,61,67,50,68,47,56,74,56,84,33,72,70,33,52,36,69,65,71,70,10,8,11,9,11
Neo,Telle,2005-04-24,184,75,0.6,Germany,1. FC Köln,false,24,23,62,42,30,35,30,22,37,44,61,59,53,50,59,35,66,59,61,20,55,61,30,32,40,48,55,65,62,14,8,14,5,9
Jan,Thielmann,2002-05-26,178,72,5.5,Germany,1. FC Köln,true,65,69,60,69,62,71,67,44,65,74,84,78,76,73,79,73,74,77,58,69,71,61,67,68,55,62,55,45,60,15,7,13,11,14
Jusuf,Gazibegovic,2000-03-11,174,67,3.1,Bosnia and Herzegovina,1. FC Köln,false,67,26,47,67,41,67,67,71,57,69,76,77,82,65,82,67,67,92,68,54,73,69,63,63,36,59,70,68,67,15,13,8,6,9
Meiko,Sponsel,2002-02-28,189,81,1,Germany,1. FC Köln,false,68,41,59,56,36,57,59,37,46,54,66,68,54,57,54,50,72,56,75,38,63,57,51,52,42,49,59,64,61,10,9,12,6,12
Marvin,Schwäbe,1995-04-25,190,86,6,Germany,1. FC Köln,true,21,15,15,53,15,20,20,9,49,41,49,43,45,71,46,56,68,36,70,17,28,17,12,66,28,61,21,16,17,77,72,75,73,81
Anthony,Racioppi,1998-12-31,188,84,1.7,Switzerland,1. FC Köln,false,12,7,12,19,5,7,10,14,44,15,31,28,39,69,31,49,49,20,49,6,24,9,6,52,19,43,23,14,12,72,68,65,68,71
Jonas,Nickisch,2004-05-21,190,77,0.6,Germany,1. FC Köln,false,15,8,12,28,7,9,13,11,26,12,21,33,25,50,38,44,42,25,48,9,15,12,7,38,12,33,10,12,11,63,57,59,57,65
Philipp,Pentke,1985-05-01,191,84,0.1,Germany,1. FC Köln,false,23,10,30,30,18,25,13,22,22,30,28,36,33,62,34,47,67,40,75,17,38,15,12,42,25,63,17,22,13,65,66,62,66,66
Matthias,Köbbing,1997-05-28,196,94,0.2,Germany,1. FC Köln,false, 10,8,11,28,8,12,11,9,27,17,28,38,29,49,22,39,25,25,60,10,34,12,5,44,15,37,11,14,15,61,57,52,51,56

Johannes,Eggestein,1998-05-08,183,75,2.2,Germany,FC St. Pauli,true,65,71,65,74,72,71,73,52,68,74,70,57,74,73,71,73,72,65,69,66,37,37,73,73,68,68,41,28,20,14,10,8,7,15
Maurides,Roque Junior,1994-03-10,189,86,0.7,Brazil,FC St. Pauli,false,27,69,66,65,58,63,37,51,58,65,46,47,59,59,54,72,74,62,85,66,75,23,66,56,63,64,22,29,30,13,10,10,14,12
Romeo,Aigbekaen,2004-06-22,188,78,0.5,Germany,FC St. Pauli,false,53,58,56,53,54,57,48,39,41,56,65,69,60,58,45,58,60,47,63,51,60,29,31,56,48,49,23,30,25,13,7,9,7,13
Morgan,Guilavogui,1998-03-10,189,82,2.8,Guinea,FC St. Pauli,true,65,73,69,67,67,71,62,54,59,73,78,82,84,72,35,69,82,69,74,65,59,28,74,71,61,73,23,33,21,10,7,10,8,5
Dapo,Afolayan,1997-09-11,180,70,2.6,England,FC St. Pauli,false,63,72,56,69,54,75,59,56,62,70,84,76,78,71,76,67,74,81,64,71,76,40,69,65,54,68,50,44,38,10,11,10,11,14
Abdoulie,Ceesay,2004-01-05,185,79,1.6,Gambia,FC St. Pauli,false,42,72,60,49,54,58,47,37,33,66,78,79,64,49,55,68,79,48,74,61,39,22,63,43,52,51,19,27,18,5,9,7,11,7
Andreas,Albers,1990-03-23,193,90,0.6,Denmark,FC St. Pauli,false,28,71,76,61,54,59,30,35,40,68,54,56,52,66,46,67,86,77,88,60,38,21,69,45,56,54,35,16,16,7,6,11,6,6
Danel,Sinani,1997-04-05,185,70,1.5,Luxembourg,FC St. Pauli,true,66,65,38,72,64,70,67,70,65,73,67,70,68,70,70,72,57,60,70,70,59,44,63,69,64,65,38,43,42,10,14,8,10,12
Philipp,Treu,2000-12-03,172,68,3.1,Germany,FC St. Pauli,true,73,47,42,75,33,77,53,44,62,74,79,76,84,70,87,41,58,78,54,44,64,66,62,40,60,52,68,67,68,7,7,8,8,9
Elias,Saad,1999-12-27,185,72,3,Tunisia,FC St. Pauli,false,64,71,47,72,60,79,63,42,63,74,82,67,85,68,80,69,71,58,59,65,31,25,69,65,55,70,28,36,38,7,9,8,12,12
Noah,Weißhaupt,2001-09-20,181,76,4.4,Germany,FC St. Pauli,false,72,64,39,72,52,75,60,59,58,73,81,72,78,69,75,60,58,69,54,54,55,51,72,71,53,60,45,46,47,10,15,9,8,5
Lars,Ritzka,1998-05-07,182,78,2.2,Germany,FC St. Pauli,false,64,38,52,68,49,62,58,38,62,68,73,64,66,62,68,65,68,77,68,53,53,66,54,58,38,63,67,63,66,13,12,13,11,9
Eric,Smith,1997-01-08,192,86,4.2,Sweden,FC St. Pauli,true,43,50,68,76,43,63,53,70,77,70,61,69,65,77,55,77,78,82,67,67,74,78,66,66,41,70,78,69,64,12,12,13,7,11
Carlo,Boukhalfa,1999-05-03,186,79,1.3,Germany,FC St. Pauli,false,49,62,71,37,66,66,44,38,69,68,64,68,66,63,67,66,75,76,62,62,72,61,65,66,39,65,58,62,60,13,12,13,12,7
Connor,Metcalfe,1999-11-05,183,70,1.8,Australia,FC St. Pauli,false,61,61,55,71,49,69,54,50,68,70,75,77,73,71,76,63,72,78,76,58,66,65,67,67,50,65,61,62,58,6,14,12,12,11
Jackson,Irvine,1993-03-07,189,70,4.6,Australia,FC St. Pauli,true,64,67,82,75,58,69,63,58,72,74,64,64,64,75,59,73,85,90,76,68,76,79,73,76,55,72,65,71,74,7,13,11,9,11
Robert,Wagner,2003-07-14,181,80,3,Germany,FC St. Pauli,false,50,39,51,74,39,68,51,35,70,73,69,58,69,70,73,52,68,78,73,49,73,65,55,69,40,64,62,66,57,11,14,9,12,11
Marwin,Schmitz,2007-01-07,180,70,0.5,Germany,FC St. Pauli,false,42,31,50,63,35,55,42,32,54,60,64,59,61,44,63,41,57,54,55,35,52,60,29,52,37,39,55,58,58,13,11,7,10,10
Manolis,Saliakas,1996-09-12,175,75,2.3,Greece,FC St. Pauli,true,74,58,44,73,62,70,69,67,59,73,77,62,74,73,78,57,62,80,61,56,71,68,69,57,50,65,65,68,73,15,8,12,14,13
Erik,Ahlstrand,2001-10-14,182,75,1.5,Sweden,FC St. Pauli,false,60,57,32,62,45,64,58,38,53,66,75,79,68,58,66,54,54,56,57,59,57,43,66,62,45,65,34,36,36,13,14,7,13,10
Fin,Stevens,2002-04-10,179,73,1.1,Wales,FC St. Pauli,false,65,43,47,62,31,62,53,38,63,64,63,61,65,62,73,50,58,66,62,42,66,64,62,57,33,62,63,58,60,10,11,6,11,14
Scott,Banks,2001-09-26,183,74,1.1,Scotland,FC St. Pauli,false,59,58,49,59,48,64,63,68,54,62,76,77,65,55,67,62,63,67,58,65,34,26,58,58,61,57,29,33,30,14,12,6,12,7
Siebe,Van der Heyden,1998-05-30,185,76,3.3,Belgium,FC St. Pauli,true,57,27,71,67,23,44,35,32,62,59,53,63,59,69,59,47,73,75,72,38,79,75,32,49,36,62,73,76,74,9,12,12,14,13
Hauke,Wahl,1994-04-15,189,85,3.5,Germany,FC St. Pauli,true,28,30,68,73,21,58,22,20,66,71,45,62,60,73,66,44,70,78,79,24,65,77,29,59,45,71,78,77,68,15,14,5,13,7
Karol,Mets,1993-05-16,191,82,1.1,Estonia,FC St. Pauli,false,49,46,65,66,34,54,55,31,66,64,54,78,59,64,57,58,75,74,84,49,76,68,42,47,51,63,73,69,65,12,15,14,12,6
Emil,Staugaard,2001-09-20,192,84,0.4,Denmark,FC St. Pauli,false,31,23,63,48,27,41,29,27,42,51,53,55,44,42,53,44,70,51,74,31,64,54,23,29,33,40,55,61,55,11,12,10,11,7
Adam,Dzwigala,1995-09-25,185,80,1,Poland,FC St. Pauli,false,41,34,67,67,38,47,53,39,56,64,66,78,61,62,67,56,75,70,75,49,76,68,48,46,59,58,61,69,68,8,6,15,14,13
Muhammad,Dahaba,2005-03-07,194,84,0.6,Germany,FC St. Pauli,false,35,35,58,55,36,44,34,33,49,53,58,61,52,55,55,51,68,65,72,28,54,60,29,42,50,51,57,63,60,12,7,11,7,12
David,Nemeth,2001-03-18,191,89,2.2,Austria,FC St. Pauli,true,32,24,68,61,27,47,28,22,57,50,50,56,64,60,49,41,77,67,90,26,65,69,40,40,33,58,70,73,65,13,7,7,11,7
Luca,Gunther,2001-11-14,175,68,0.5,Germany,FC St. Pauli,false,52,27,56,56,31,53,29,29,51,55,66,57,73,56,76,29,62,56,56,22,59,57,47,33,39,57,59,58,61,14,13,9,10,15
Nikola,Vasilj,1995-12-02,193,89,1.5,Bosnia and Herzegovina,FC St. Pauli,true,10,9,12,40,6,12,14,11,38,22,36,30,40,68,23,48,63,21,72,7,30,15,8,42,16,55,13,10,14,68,66,64,71,71
Eric,Oelschlagel,1995-09-20,193,85,0.7,Germany,FC St. Pauli,false,14,12,25,24,10,15,20,11,21,23,37,40,34,64,30,42,65,30,70,10,24,11,7,30,18,32,8,17,16,68,62,56,64,68
Ben,Voll,2000-12-09,195,85,1.2,Germany,FC St. Pauli,false,9,9,13,27,9,11,12,11,24,15,24,25,27,60,24,49,56,22,67,9,21,9,8,32,10,59,9,13,11,69,66,65,65,68
Ronny,Seibt,2005-07-10,191,81,0.3,Germany,FC St. Pauli,false,10,8,14,26,7,10,10,9,22,16,29,39,34,51,29,38,54,22,64,7,22,10,6,33,11,40,9,8,10,61,49,50,52,63

Marvin,Pieringer,1999-10-04,191,82,5.5,Germany,1. FC Heidenheim,true,49,74,79,68,74,67,63,44,43,74,63,74,69,74,60,75,86,77,83,64,69,30,77,67,67,74,38,27,23,10,10,12,6,8
Budu,Zivzivadze,1994-05-10,189,76,1.8,Georgia,1. FC Heidenheim,false,29,75,71,67,68,62,49,40,69,68,62,69,72,71,69,74,80,72,78,59,58,26,74,58,61,71,32,34,26,14,14,10,13,9
Sirlord,Conteh,1996-07-20,179,78,1.3,Germany,1. FC Heidenheim,false,57,67,58,64,53,70,53,37,40,66,94,97,88,70,77,63,76,72,59,61,58,33,71,52,52,55,33,37,37,9,7,8,8,12
Stefan,Schimmer,1994-04-28,185,87,1.2,Germany,1. FC Heidenheim,false,40,71,69,61,67,59,57,45,36,67,64,64,66,65,61,70,77,65,77,62,69,20,72,40,60,67,30,23,23,7,6,15,9,14
Maximilian,Breunig,2000-08-14,194,85,1.3,Germany,1. FC Heidenheim,false,41,70,66,59,64,64,42,33,65,65,62,68,63,57,57,68,76,61,78,56,47,24,67,43,59,55,19,23,22,13,11,11,8,10
Paul,Wanner,2005-12-23,185,75,3.1,Germany,1. FC Heidenheim,true,58,53,51,73,49,73,60,45,68,75,76,63,74,76,66,63,53,36,51,74,50,49,64,67,59,61,42,41,43,7,12,13,11,13
Christopher,Negele,2005-04-11,172,69,0.7,Germany,1. FC Heidenheim,false,59,60,53,59,53,63,58,55,59,62,67,73,58,75,58,56,52,64,59,46,41,35,55,58,56,55,38,37,37,9,12,15,6,6
Frans,Krätzig,2003-01-14,177,70,2,Germany,1. FC Heidenheim,true,63,34,38,68,55,71,38,37,61,70,68,64,80,75,69,49,45,47,58,61,62,63,62,57,40,51,61,68,66,6,5,9,6,9
Leonardo,Scienza,1998-09-13,173,69,3.6,Brazil,1. FC Heidenheim,false,66,68,56,70,56,79,76,66,60,74,82,77,87,83,68,69,65,73,48,70,33,25,66,71,62,64,25,27,27,6,14,6,14,6
Mathias,Honsak,1996-12-20,188,83,2.5,Austria,1. FC Heidenheim,false,72,68,55,67,60,76,68,62,60,74,88,81,72,68,62,70,79,67,71,61,64,57,70,64,44,62,44,62,51,5,9,7,11,12
Adrian,Beck,1997-06-09,185,81,2.5,Germany,1. FC Heidenheim,true,74,74,72,64,72,73,60,52,69,73,65,52,60,73,60,75,76,78,69,69,74,66,72,70,53,76,69,72,65,13,14,6,12,9
Jan,Schöppner,1999-06-12,190,78,4.8,Germany,1. FC Heidenheim,true,60,57,80,71,33,62,44,43,66,69,62,58,57,68,54,66,84,84,77,60,78,76,58,66,40,69,76,78,72,12,6,13,9,7
Niklas,Dorsch,1998-01-15,178,76,7,Germany,1. FC Heidenheim,true,65,66,61,78,65,76,63,63,75,80,73,68,80,84,73,82,73,75,69,80,77,71,64,74,62,73,73,71,71,12,9,5,9,5
Luca,Kerber,2002-03-10,183,82,2.8,Germany,1. FC Heidenheim,false,57,59,62,72,47,68,59,48,67,69,69,72,75,79,68,64,71,87,69,50,69,65,66,68,43,68,68,65,65,13,13,9,9,11
Julian,Niehues,2001-04-17,195,88,2,Germany,1. FC Heidenheim,false,46,54,68,67,51,67,50,33,66,67,57,61,53,68,42,60,77,72,84,55,71,67,41,65,40,58,67,69,68,15,12,8,13,10
Luka,Janeš,2004-01-19,183,75,0.5,Germany,1. FC Heidenheim,false,32,35,54,56,33,47,30,39,55,55,56,61,67,63,55,55,59,63,28,28,56,63,33,49,43,52,63,61,62,10,7,5,7,13
Jonas,Föhrenbach,1996-01-26,184,81,2.1,Germany,1. FC Heidenheim,true,70,29,67,65,27,64,46,39,63,63,66,86,56,61,64,61,75,74,41,41,66,68,53,50,42,65,68,70,71,10,11,7,13,7
Benedikt,Gimber,1997-02-19,187,84,2.5,Germany,1. FC Heidenheim,true,47,44,70,69,28,51,30,29,60,60,65,64,65,63,66,62,78,78,54,54,81,70,39,61,28,64,72,72,70,7,16,15,7,13
Tim,Siersleben,2000-03-09,187,84,2.4,Germany,1. FC Heidenheim,false,48,33,70,61,27,51,27,30,58,58,59,46,55,60,70,45,83,77,41,41,69,73,26,40,43,63,73,75,68,6,11,11,9,15
Patrick,Mainka,1994-11-06,194,86,4.7,Germany,1. FC Heidenheim,true,39,33,79,64,33,45,36,37,58,58,42,65,49,53,73,64,71,84,37,37,77,77,35,44,40,74,77,76,74,11,9,9,14,6
Thomas,Keller,1999-08-05,186,82,1.3,Germany,1. FC Heidenheim,false,42,37,68,64,29,47,46,65,59,56,65,55,56,64,53,61,77,54,77,40,69,63,35,52,39,55,67,70,64,11,7,11,8,12
Omar,Haktab Traoré,1998-02-04,187,80,3.5,Germany,1. FC Heidenheim,true,69,44,55,64,29,71,61,35,54,70,86,76,69,74,65,62,75,79,64,58,75,68,68,60,51,68,74,72,71,10,14,6,15,7
Marnon,Busch,1994-12-08,182,80,2.1,Germany,1. FC Heidenheim,false,73,44,57,69,34,70,68,74,55,69,84,79,72,70,68,75,79,73,74,59,73,64,57,50,36,65,70,68,68,9,6,14,16,7
Kevin,Müller,1991-03-15,190,94,1.4,Germany,1. FC Heidenheim,true,12,13,13,27,11,17,13,16,20,18,49,46,48,72,43,52,71,31,76,15,41,20,11,24,20,52,12,10,10,71,71,69,74,77
Vitus,Eicher,1990-11-05,191,85,0.3,Germany,1. FC Heidenheim,false,12,15,12,25,20,12,12,15,19,24,46,44,48,54,31,45,66,36,72,14,37,23,12,15,14,43,13,15,12,65,60,66,68,68
Frank,Feller,2004-01-07,183,76,2.3,Germany,1. FC Heidenheim,false,12,7,13,25,7,12,10,11,21,18,29,32,35,43,43,52,43,26,41,6,24,10,6,40,13,55,8,14,13,73,69,69,72,68
Paul,Tschernuth,2002-01-20,186,88,0.5,Austria,1. FC Heidenheim,false,11,8,12,24,10,12,12,11,20,20,18,17,22,41,38,45,36,24,41,9,25,7,5,21,19,30,6,11,12,60,61,60,58,60
