Vinícius,Júnior,2000-07-12,176,73,171.5,Brazil,Real Madrid,true,81,89,50,83,73,93,79,62,77,90,95,95,94,86,84,81,74,84,65,83,58,26,87,85,74,83,32,25,18,5,7,7,7,10
Víctor,Muñoz,2003-07-13,173,60,0.6,Spain,Real Madrid,false,59,58,40,61,46,63,58,45,55,60,73,71,54,51,82,55,40,51,35,51,41,21,59,51,52,51,20,28,30,7,7,6,12,14
Kylian,Mbappé,1998-12-20,182,75,160,France,Real Madrid,true,78,92,72,85,84,93,80,69,74,92,97,97,93,91,82,90,88,87,77,83,61,38,91,83,82,88,26,34,32,13,5,7,11,6
Endrick,Felipe Moreira de Sousa,2006-07-21,173,66,24,Brazil,Real Madrid,false,48,78,70,68,74,78,66,71,59,77,91,88,86,77,78,79,85,68,72,74,55,20,76,66,68,74,24,30,31,8,8,15,15,13
Daniel,Yáñez Barla,2007-03-28,177,73,0.35,Spain,Real Madrid,false,29,63,49,53,31,55,41,32,41,59,59,60,56,48,72,56,49,58,52,48,30,14,58,46,57,48,15,11,11,7,13,11,10,5
Rodrygo,Silva de Goes,2001-01-09,174,64,102.5,Brazil,Real Madrid,true,79,86,67,80,67,89,80,73,73,87,90,88,87,84,84,76,77,81,59,77,54,21,84,83,82,85,24,34,30,9,8,12,8,5
Brahim,Diaz,1999-08-03,170,68,43.5,Morocco,Real Madrid,false,75,76,30,83,64,84,74,61,75,85,85,85,89,91,79,73,60,68,55,76,44,33,78,81,58,79,40,23,21,13,9,13,10,6
Federico,Valverde,1998-07-22,182,78,120,Uruguay,Real Madrid,true,78,78,63,87,74,83,74,69,88,88,84,91,77,89,68,91,83,92,82,87,81,83,86,86,59,84,79,85,80,6,10,6,15,8
Eduardo,Camavinga,2002-11-10,182,68,73.5,France,Real Madrid,false,77,64,64,86,59,84,72,59,84,86,81,80,82,81,82,73,82,84,79,70,79,82,73,83,62,84,76,82,81,12,6,8,12,12
Arda,Güler,2005-02-25,175,70,38,Turkey,Real Madrid,false,80,74,41,82,70,83,85,77,79,82,75,69,82,85,74,75,51,70,43,77,42,55,74,81,71,77,52,57,46,13,10,11,14,10
Jude,Bellingham,2003-06-29,186,75,174.5,England,Real Madrid,true,66,89,75,90,77,89,73,68,89,89,81,80,82,91,79,85,85,93,80,86,85,82,91,91,74,87,77,79,77,14,11,10,5,8
Luka,Modrić,1985-09-09,172,66,17,Croatia,Real Madrid,false,86,72,55,90,76,84,85,78,90,90,75,69,92,92,85,79,67,76,58,82,62,79,90,83,91,91,70,72,72,13,9,7,14,9
Daniel,Ceballos Fernández,1996-08-07,179,70,22.5,Spain,Real Madrid,false,74,67,41,84,62,83,77,67,84,84,69,58,77,78,78,76,58,76,60,75,75,78,81,55,81,81,73,70,69,12,15,16,7,13
José María,Andrés Baixauli,2005-04-25,190,82,0.4,Spain,Real Madrid,false,55,27,60,64,29,52,43,44,61,61,63,65,59,64,58,48,68,61,66,30,58,57,58,39,66,66,54,59,51,9,6,15,10,10
Aurélien,Tchouaméni,2000-01-27,187,81,52,France,Real Madrid,true,68,65,75,85,50,78,76,53,84,81,74,72,72,82,70,78,85,83,82,75,80,83,74,81,55,82,81,83,80,9,8,12,12,7
Ferland,Mendy,1995-06-08,180,73,27,France,Real Madrid,true,76,63,72,80,50,75,72,45,75,75,88,89,80,80,79,69,90,89,84,64,80,80,76,74,49,76,78,82,81,7,16,9,10,9
Francisco José,García Torres,1999-08-14,169,62,24.5,Spain,Real Madrid,false,75,42,54,78,39,76,69,36,62,79,90,89,84,72,91,63,75,83,67,53,66,74,70,67,39,69,67,79,76,9,6,12,9,11
Antonio,Rüdiger,1993-03-03,190,85,62.5,Germany,Real Madrid,true,68,40,83,84,34,69,50,56,81,74,71,91,56,86,50,84,89,70,91,67,92,85,54,61,40,80,86,88,87,14,15,10,12,8
David,Alaba,1992-06-24,180,78,27.5,Austria,Real Madrid,false,83,62,77,88,67,77,76,85,80,83,78,79,76,88,78,82,86,73,78,78,77,87,78,78,79,84,89,84,83,5,7,14,15,9
Raúl,Asencio del Rosario,2003-02-13,184,79,5.5,Spain,Real Madrid,true,28,19,74,75,30,49,33,25,74,66,68,72,60,74,54,54,80,74,71,24,70,68,23,33,32,59,70,73,68,7,15,8,6,13
Éder,Gabriel Militão,1998-01-18,186,79,62.5,Brazil,Real Madrid,false,69,48,86,78,34,70,60,40,76,72,81,88,70,84,62,62,91,85,79,42,83,85,64,59,60,76,85,86,85,11,8,15,12,15
Jacobo,Ramón Naveros,2005-01-05,190,78,1.6,Spain,Real Madrid,false,25,15,72,64,21,39,23,29,55,54,62,64,55,63,58,38,75,64,67,19,54,64,24,32,34,60,64,67,64,10,10,6,13,13
Jesús,Vallejo Lázaro,1997-01-05,184,79,2.4,Spain,Real Madrid,false,41,44,70,70,36,57,29,31,69,69,63,69,66,73,66,49,72,33,70,31,75,76,34,49,45,73,76,72,71,10,13,15,13,6
Lucas,Vázquez Iglesias,1991-07-01,173,69,9,Spain,Real Madrid,true,83,73,58,82,58,82,83,71,76,80,81,81,81,82,82,80,70,92,56,76,72,76,80,79,56,75,74,73,72,9,16,9,9,7
Daniel,Carvajal Ramos,1992-01-11,173,73,47,Spain,Real Madrid,false,85,56,76,84,53,78,77,47,74,85,82,81,78,85,84,68,85,84,74,52,85,81,75,78,45,83,80,84,83,13,13,15,9,15
Lorenzo,Aguado Herrera,2002-09-19,177,77,0.5,Spain,Real Madrid,false,56,27,54,59,41,54,56,31,51,56,64,62,58,50,68,40,59,62,58,37,56,51,53,41,33,44,52,59,55,10,15,11,11,5
Thibaut,Courtois,1992-05-11,200,96,51,Belgium,Real Madrid,true,14,14,13,33,12,13,19,20,35,23,42,52,63,88,45,57,68,38,70,17,23,15,13,44,27,66,20,18,16,85,89,76,88,90
Andriy,Lunin,1999-02-11,191,83,30,Ukraine,Real Madrid,false,15,8,12,25,12,11,14,15,26,15,39,35,36,80,25,58,62,32,61,7,22,19,11,60,19,56,22,13,11,80,78,77,80,82
Francisco,Javier González Pérez,2005-06-24,199,80,1.2,Spain,Real Madrid,false,11,9,13,19,8,6,12,12,19,15,16,19,33,60,56,43,52,25,66,8,20,11,8,33,14,36,8,14,10,62,61,60,63,64

Robert,Lewandowski,1988-08-21,185,81,44,Poland,Barcelona,true,76,90,88,84,86,85,79,84,70,90,76,75,77,89,83,89,92,76,89,82,81,49,90,81,90,87,35,42,19,15,6,12,8,10
Ferran,Torres García,2000-02-29,184,77,35,Spain,Barcelona,false,76,80,75,77,74,81,76,60,77,80,87,81,84,82,78,79,85,72,69,75,54,34,83,78,82,82,35,24,28,12,9,11,15,12
Pau,Víctor Delgado,2001-11-26,184,77,2.7,Spain,Barcelona,false,55,63,60,60,60,66,60,55,66,68,77,75,77,63,63,65,75,67,56,59,69,55,63,60,60,65,40,58,56,11,13,10,6,10
Daniel,Olmo Carvajal,1998-05-07,179,72,63.5,Spain,Barcelona,true,78,77,43,86,80,87,75,79,87,87,78,69,86,87,86,79,60,66,54,78,51,57,85,66,82,82,50,44,44,15,15,13,12,11
Pablo,Martín Páez Gavira,2004-08-05,173,70,55,Spain,Barcelona,false,69,71,42,84,49,86,74,47,82,85,77,75,86,90,85,56,62,84,70,70,85,79,81,83,51,77,59,78,72,8,10,11,7,13
Fermín,López Marín,2003-05-11,174,64,31.5,Spain,Barcelona,false,47,80,76,81,47,81,54,55,77,80,78,76,86,79,81,70,69,70,43,77,58,66,84,78,63,63,43,74,60,8,14,8,7,7
Pablo,Torre Carral,2003-04-03,173,63,9.5,Spain,Barcelona,false,75,65,41,77,50,76,75,79,75,76,76,69,82,69,81,62,54,71,48,68,44,45,70,76,62,70,42,48,46,15,10,15,10,9
Raphael,Dias Belloli,1996-12-14,176,68,97.5,Brazil,Barcelona,true,82,85,74,81,72,87,83,79,74,86,90,91,88,79,86,83,82,65,81,81,77,56,86,83,78,85,49,54,38,8,7,13,8,14
Anssumane,Fati,2002-10-31,178,66,15,Spain,Barcelona,false,70,74,62,73,70,79,75,72,70,79,86,84,85,71,83,75,70,63,49,71,48,20,72,72,70,79,23,32,28,6,9,8,10,7
Lamine,Yamal Nasraoui Ebana,2007-07-13,180,72,140.5,Spain,Barcelona,true,83,80,33,84,65,91,87,65,75,88,86,83,92,81,81,80,57,73,45,80,45,18,81,85,69,84,23,20,28,9,13,7,10,7
Daniel,Rodríguez Crespo,2005-08-09,170,62,1.5,Spain,Barcelona,false,59,58,33,63,45,66,60,67,49,63,73,71,68,58,85,53,42,49,44,54,45,25,59,62,58,61,23,25,24,11,9,11,7,9
Pedro,González López,2002-11-25,174,60,110,Spain,Barcelona,true,68,72,50,89,56,89,79,62,86,90,79,76,88,87,90,68,72,88,73,68,62,79,79,89,53,90,74,77,65,12,7,11,8,8
Marc,Bernal Casas,2007-05-26,191,78,2,Spain,Barcelona,false,58,32,48,74,34,62,55,49,68,70,63,65,74,72,60,50,60,66,49,49,54,64,63,69,40,70,55,67,55,12,8,7,14,5
Frenkie,de Jong,1997-05-12,181,74,72,Netherlands,Barcelona,true,78,72,72,90,70,86,84,64,87,88,80,83,87,87,79,68,82,87,73,66,74,82,77,88,53,90,76,75,76,7,13,10,10,9
Marc,Casadó Torras,2003-09-14,172,66,1.6,Spain,Barcelona,false,45,55,60,70,41,64,58,44,68,72,62,55,63,62,64,56,60,51,53,53,53,63,63,65,42,61,61,63,58,12,14,11,8,12
Alejandro,Balde Martínez,2003-10-18,175,69,47.5,Spain,Barcelona,true,79,51,66,80,32,77,56,28,70,80,90,91,81,78,74,53,79,75,63,39,47,75,63,72,41,64,72,80,79,5,8,7,10,13
Gerard,Martín Langreo,2002-02-26,186,76,5,Spain,Barcelona,false,63,30,66,60,39,57,55,59,45,59,69,69,57,56,63,69,71,60,66,55,65,68,47,38,37,54,59,67,64,10,11,14,13,9
Pau,Cubarsí Paredes,2007-01-22,182,75,49.5,Spain,Barcelona,true,31,41,81,83,41,73,22,33,84,79,69,73,65,82,62,51,85,68,77,35,78,84,51,74,41,80,82,83,81,10,6,14,7,14
Andrés,Cuenca Cejudo,2007-06-11,181,72,1,Spain,Barcelona,false,27,35,58,63,38,50,34,39,56,60,64,63,62,57,65,39,63,63,59,46,53,67,24,40,37,54,65,65,58,9,10,8,9,8
Iñigo,Martínez Berridi,1991-05-17,182,76,20,Spain,Barcelona,true,53,42,83,79,41,60,72,71,82,75,70,72,66,84,60,82,87,69,82,74,87,85,52,55,39,76,84,87,85,12,16,11,13,11
Ronald,Araújo,1999-03-07,188,79,71.5,Uruguay,Barcelona,false,58,56,85,75,38,55,47,45,66,68,76,86,56,84,55,68,92,72,87,35,87,85,56,59,43,76,84,85,85,11,14,9,11,8
Andreas,Christensen,1996-04-10,187,82,29,Denmark,Barcelona,false,51,36,80,83,25,67,41,39,79,78,56,76,61,84,61,37,80,78,78,20,75,86,32,62,36,79,86,84,82,10,12,8,6,8
Eric,García Martret,2001-01-09,182,76,19,Spain,Barcelona,false,54,42,75,82,31,66,65,31,76,76,55,68,64,78,56,51,75,72,73,44,76,80,42,70,44,78,80,81,78,11,9,12,11,7
Sergi,Domínguez Viloria,2005-04-01,188,78,0.6,Spain,Barcelona,false,25,35,58,55,39,45,29,43,44,55,61,61,47,46,45,41,69,57,71,45,51,58,25,31,51,39,59,61,58,13,9,9,7,14
Jules,Koundé,1998-11-12,180,75,83,France,Barcelona,true,68,47,80,82,32,72,55,26,75,77,85,83,71,86,78,48,90,82,81,45,78,86,47,62,43,82,87,86,84,11,10,8,14,13
Héctor,Fort García,2006-08-02,185,78,2.6,Spain,Barcelona,false,69,35,64,66,23,56,52,38,62,66,69,76,62,65,76,43,69,54,60,22,70,64,51,49,41,62,63,67,66,7,10,6,8,9
Ignacio,Peña Sotorres,1999-03-02,184,78,9,Spain,Barcelona,true,10,6,11,33,5,12,12,12,57,21,33,38,49,75,51,58,55,27,54,8,17,6,5,39,17,38,9,10,11,75,73,77,75,78
Wojciech,Szczęsny,1990-04-18,196,90,9,Poland,Barcelona,false,12,12,16,51,14,11,16,14,66,22,49,46,55,79,51,56,69,45,65,14,40,15,14,48,18,65,20,13,12,82,83,75,85,85
Ander,Astralaga Aranguren,2004-03-03,190,77,0.9,Spain,Barcelona,false,12,6,10,26,6,14,11,12,23,15,22,27,37,58,29,47,53,17,64,6,20,14,6,42,15,41,5,12,10,58,61,63,64,61
Marc-André,ter Stegen,1992-04-30,187,85,45,Germany,Barcelona,false,18,14,11,61,14,21,18,12,63,30,45,50,39,85,43,67,72,35,78,10,43,22,11,70,25,70,25,13,10,85,85,89,85,90

Julián,Álvarez,2000-01-31,170,68,74.5,Argentina,Atlético Madrid,true,77,88,72,82,79,86,87,80,78,87,86,85,87,86,87,88,83,85,70,85,86,52,84,81,78,84,60,55,46,6,10,8,15,6
Alexander,Sørloth,1995-12-05,195,90,31,Norway,Atlético Madrid,false,66,85,82,76,78,75,74,60,59,82,74,83,57,82,55,82,92,84,90,76,74,36,83,73,70,82,39,23,21,15,12,8,15,8
Antoine,Griezmann,1991-03-21,176,73,58.5,France,Atlético Madrid,true,82,87,83,88,86,87,89,85,85,91,80,76,89,88,85,85,86,84,71,86,74,59,89,88,79,89,45,63,64,14,8,14,13,14
Ángel,Correa,1995-03-09,171,70,30.5,Argentina,Atlético Madrid,false,75,82,71,79,80,85,82,66,70,85,86,83,90,81,89,83,83,82,68,84,79,48,85,82,67,81,42,53,44,13,10,9,8,16
Samuel,Dias Lino,1999-12-23,170,69,24,Brazil,Atlético Madrid,true,74,72,58,76,64,82,70,54,69,79,85,80,84,76,84,75,74,86,63,65,58,52,76,74,73,75,53,51,46,12,9,14,9,6
Rodrigo,Riquelme Reche,2000-04-02,174,67,22,Spain,Atlético Madrid,false,76,77,51,78,65,82,73,56,72,79,80,77,83,75,81,77,64,69,53,78,59,52,77,76,55,76,50,48,46,9,10,8,9,12
Rodrigo,Javier de Paul,1994-05-24,180,70,40.5,Argentina,Atlético Madrid,true,78,75,58,85,71,82,84,76,84,85,77,76,77,81,78,82,78,92,79,83,86,80,79,85,66,81,76,80,75,13,12,10,7,14
Thomas,Lemar,1995-11-12,171,63,14,France,Atlético Madrid,false,80,74,54,80,77,82,85,81,77,81,80,74,89,77,86,79,68,68,57,77,63,75,80,80,69,81,55,76,69,11,15,13,7,14
Pablo,Barrios Rivas,2003-06-15,181,75,17,Spain,Atlético Madrid,true,57,70,57,81,55,81,60,48,80,82,81,79,78,77,72,72,74,77,67,72,66,78,73,79,62,77,69,75,69,5,15,9,13,10
Jorge,Resurrección Merodio,1992-01-08,176,77,24,Spain,Atlético Madrid,false,85,69,61,85,57,77,84,77,83,84,70,68,70,82,81,82,74,85,75,75,78,82,76,85,67,84,78,81,70,14,12,5,10,13
Conor,Gallagher,2000-02-06,182,77,38.5,England,Atlético Madrid,false,75,74,66,83,70,78,73,73,81,82,72,77,73,81,72,81,79,94,78,77,87,80,81,79,63,81,79,81,79,7,6,15,9,9
Javier,Serrano Martínez,2003-01-16,178,72,1.2,Spain,Atlético Madrid,false,48,57,52,63,40,61,43,48,63,64,74,65,58,60,79,56,67,65,63,55,70,65,60,62,59,60,60,61,60,9,12,10,6,12
Aitor,Gismera Monge,2004-02-21,182,76,0.55,Spain,Atlético Madrid,false,41,45,47,65,27,56,38,38,58,62,64,59,55,62,58,53,55,60,58,51,53,57,51,59,56,56,55,56,53,11,8,10,7,11
Giuliano,Simeone,2002-12-18,173,75,22.5,Argentina,Atlético Madrid,true,67,76,69,74,62,80,56,46,62,77,91,92,85,76,82,75,87,81,79,64,81,39,78,72,74,74,38,39,35,8,14,7,14,12
Adrián,Niño Heredia,2004-06-19,184,70,0.6,Spain,Atlético Madrid,false,51,64,52,54,48,62,45,43,47,60,67,69,62,57,68,60,59,59,56,46,35,15,70,50,56,57,17,33,20,9,14,6,11,10
Javier,Galán Gil,1994-11-19,172,70,18.5,Spain,Atlético Madrid,true,79,50,74,79,51,80,72,70,77,79,80,77,75,78,75,72,81,77,66,56,81,75,66,64,48,75,76,79,78,14,14,10,6,8
Reinildo,Isnard Mandava,1994-01-21,180,73,18,Mozambique,Atlético Madrid,false,74,57,76,75,53,74,68,36,60,75,81,84,77,76,71,60,87,75,75,47,80,76,69,64,44,73,77,78,78,6,8,13,15,7
Clément,Nicolas Laurent Lenglet,1995-06-17,186,81,12,France,Atlético Madrid,true,55,39,78,81,37,57,59,31,75,73,55,57,61,79,58,58,79,76,76,46,72,81,54,69,49,77,81,79,76,10,10,9,12,7
Ilias,Kostis,2003-02-27,188,83,2.8,Greece,Atlético Madrid,false,42,15,68,59,21,46,28,20,53,58,58,61,41,66,45,31,77,54,82,22,66,68,29,28,37,60,66,69,65,11,8,12,12,5
José,María Giménez de Vargas,1995-01-20,185,79,30.5,Uruguay,Atlético Madrid,true,47,37,82,75,34,55,37,44,72,70,70,77,61,78,57,73,88,71,85,48,87,84,25,46,40,75,87,85,85,9,11,7,10,15
Robin,Le Normand,1996-11-11,187,80,38.5,Spain,Atlético Madrid,false,35,22,85,81,38,55,34,25,74,74,68,70,55,83,62,45,89,70,86,22,76,83,21,48,34,73,84,86,82,9,13,14,15,10
César,Azpilicueta Tanco,1989-08-28,178,77,5.5,Spain,Atlético Madrid,false,78,46,78,79,51,68,68,58,77,75,64,55,67,83,72,68,80,71,60,60,84,82,62,72,66,78,82,81,80,13,9,10,6,5
Axel,Witsel,1989-01-12,186,81,4.6,Belgium,Atlético Madrid,false,68,62,82,84,75,75,71,64,79,80,33,34,63,80,67,64,75,66,80,57,70,82,69,75,76,85,84,80,75,5,7,7,10,7
Gerónimo,Spina,2005-02-09,187,77,0.5,Argentina,Atlético Madrid,false,24,19,68,64,39,57,21,22,60,63,60,59,58,61,55,43,67,59,60,17,53,60,25,33,32,52,56,59,50,9,10,5,13,7
Marcos,Llorente Moreno,1995-01-30,184,74,35.5,Spain,Atlético Madrid,true,76,80,67,81,66,81,75,63,80,80,87,91,83,81,68,84,84,91,77,79,80,83,79,79,65,79,79,82,74,13,6,6,11,15
Nahuel,Molina Lucero,1998-04-06,175,70,36.5,Argentina,Atlético Madrid,false,80,67,64,80,62,77,68,44,69,80,84,85,82,77,76,70,76,86,61,67,74,80,77,76,45,74,79,79,77,12,13,8,5,10
Jan,Oblak,1993-01-07,188,87,48.5,Slovenia,Atlético Madrid,true,13,11,15,43,13,12,13,14,30,30,42,53,64,85,48,59,72,42,78,12,36,24,11,67,11,68,27,14,18,85,90,78,86,87
Juan,Musso,1994-05-06,191,93,13,Argentina,Atlético Madrid,false,20,18,15,31,15,16,16,12,20,20,46,42,32,70,39,55,68,35,70,14,27,18,19,48,25,67,12,14,16,79,77,73,81,82
Antonio,Gomis Alemañ,2003-05-20,186,80,2.6,Spain,Atlético Madrid,false,12,9,14,9,9,11,12,11,18,18,50,43,48,64,46,48,63,61,7,7,20,9,7,37,19,34,6,12,15,68,65,64,66,70

Maroan,Sannadi Harrouch,2001-02-01,192,78,3.8,Spain,Athletic Club,true,51,72,74,65,68,65,55,55,45,72,71,72,63,63,54,80,87,69,83,64,59,31,67,62,65,64,25,22,21,10,9,12,5,10
Gorka,Guruzeta Rodríguez,1996-09-12,188,80,19,Spain,Athletic Club,false,69,79,78,78,80,78,72,52,62,81,75,73,77,79,73,82,89,80,82,72,72,49,78,74,71,75,45,48,50,12,14,11,10,5
Oihan,Sancet Tirapu,2000-04-25,188,77,55,Spain,Athletic Club,true,75,82,80,83,76,84,81,53,79,83,74,77,85,84,79,82,87,86,80,77,80,71,85,84,77,85,64,70,60,15,11,6,15,7
Unai,Gómez Etxebarria,2003-05-25,183,74,4.2,Spain,Athletic Club,false,64,68,67,73,56,72,71,62,70,73,71,67,75,72,67,68,74,62,68,60,59,26,71,71,44,67,35,35,42,9,13,10,7,10
Peio,Canales Urtasun,2005-01-17,175,64,0.9,Spain,Athletic Club,false,51,55,43,64,44,62,52,59,62,62,61,63,58,53,74,59,44,51,49,53,53,43,59,64,59,61,44,49,44,8,7,10,14,12
Nicholas,Williams Arthuer,2002-07-12,181,67,78.5,Spain,Athletic Club,true,83,76,65,81,64,88,81,72,64,85,94,92,92,80,84,78,78,81,60,72,55,40,78,80,62,78,36,28,25,9,13,12,12,14
Alejandro,Berenguer Remiro,1995-07-04,175,73,30.5,Spain,Athletic Club,false,81,79,73,80,70,84,82,80,73,83,86,84,87,79,88,78,80,80,59,72,76,65,82,77,72,83,65,61,61,14,16,8,6,13
Aingeru,Olabarrieta Capelo,2005-11-14,182,70,1.4,Spain,Athletic Club,false,64,58,55,63,44,67,58,34,60,67,64,64,68,58,66,52,61,59,55,34,30,22,59,62,52,51,25,21,21,7,13,9,11,10
Iñaki,Williams Arthuer,1994-06-15,186,80,35,Ghana,Athletic Club,true,78,82,80,76,79,83,80,58,65,80,93,94,78,83,62,86,95,88,84,76,76,30,85,76,68,78,42,38,48,14,15,14,10,13
Álvaro,Djaló Dias Fernandes,1999-08-16,175,65,6,Spain,Athletic Club,false,67,71,52,71,62,78,77,77,63,75,90,87,84,73,80,61,68,62,52,70,49,52,68,68,72,78,54,43,45,8,12,6,11,8
Endika,Buján de Rueda,2003-01-16,170,63,1,Spain,Athletic Club,false,62,62,48,60,58,64,63,58,49,62,73,71,59,49,79,61,48,48,41,55,48,25,59,60,53,62,28,25,29,8,6,12,6,14
Mikel,Jauregizar Alboniga,2003-11-13,177,74,12.5,Spain,Athletic Club,true,64,62,48,78,53,73,72,66,76,77,73,70,78,75,82,75,68,81,72,72,77,72,67,74,37,75,73,66,77,6,9,5,13,6
Mikel,Vesga Arruti,1993-04-08,191,86,3.5,Spain,Athletic Club,false,63,74,70,75,63,65,60,53,77,73,34,54,47,73,38,78,70,83,84,72,66,75,72,72,78,68,74,76,72,12,11,16,6,13
Iñigo,Ruiz de Galarreta,1993-08-06,175,69,17.5,Spain,Athletic Club,true,74,60,51,80,61,77,73,62,80,80,77,68,85,79,87,73,71,84,70,71,82,78,74,79,47,82,79,80,80,12,6,13,7,12
Beñat,Prados Díaz,2001-02-08,180,72,20.5,Spain,Athletic Club,false,65,59,70,77,52,72,60,49,77,77,74,67,82,78,82,70,78,83,73,62,80,76,66,76,47,77,77,78,72,15,8,13,9,8
Yuri,Berchiche Izeta,1990-02-10,181,80,6.5,Spain,Athletic Club,true,77,61,73,77,65,72,80,55,72,76,81,78,80,80,81,82,89,83,82,76,85,77,62,71,59,78,77,78,73,12,13,9,8,11
Adama,Boiro,2002-06-22,183,76,3,Senegal,Athletic Club,false,68,57,65,64,43,66,64,45,66,66,76,75,73,63,64,70,80,76,75,56,55,65,63,53,44,57,65,66,64,12,9,12,12,7
Daniel,Vivian Moreno,1999-07-05,183,83,47,Spain,Athletic Club,true,46,52,77,78,51,68,28,22,74,72,76,84,66,84,73,62,88,77,83,33,87,87,30,60,67,72,83,85,82,9,8,12,10,8
Aitor,Paredes Casamichana,2000-04-29,186,79,13.5,Spain,Athletic Club,true,25,29,70,72,46,46,22,21,60,65,65,77,60,80,63,42,77,70,77,44,77,78,31,40,38,61,76,83,78,14,7,12,12,14
Unai,Núñez Gestoso,1997-01-30,186,81,7.5,Spain,Athletic Club,false,34,18,76,75,21,40,27,22,55,67,65,73,34,74,59,44,85,68,82,17,77,78,26,34,31,62,76,75,76,9,9,15,6,11
Andoni,Gorosabel Espinosa,1996-08-04,174,70,10,Spain,Athletic Club,true,75,41,70,75,39,73,63,39,70,75,77,78,70,76,75,52,77,70,66,58,65,75,67,67,38,68,73,76,74,8,6,10,10,15
Iñigo,Lekue Martínez,1993-05-04,180,70,5.5,Spain,Athletic Club,false,74,64,61,74,41,72,71,56,65,74,81,81,74,74,77,62,79,81,71,62,75,71,71,68,53,64,74,74,73,15,16,13,13,9
Unai,Simón Mendibil,1997-06-11,190,89,46,Spain,Athletic Club,true,16,14,18,38,17,12,20,14,34,16,48,50,37,82,47,57,74,44,76,13,29,26,14,48,24,40,11,18,12,84,80,76,84,85
Julen,Agirrezabala,2000-12-26,186,79,6.5,Spain,Athletic Club,true,16,7,6,43,15,13,8,9,40,35,30,36,33,69,35,59,56,26,60,10,24,12,6,55,13,36,10,13,12,76,74,78,77,75
Oier,Gastesi Serrano,2003-10-30,190,76,0.2,Spain,Athletic Club,true,15,8,12,16,7,6,14,12,23,19,26,32,27,33,29,39,45,25,53,10,26,15,7,37,15,39,6,9,12,51,55,52,63,51

Juan Camilo,Hernández Suárez,1999-04-22,176,73,23.5,Colombia,Real Betis,true,68,81,76,78,70,79,72,70,76,79,86,80,80,78,80,77,90,79,76,76,78,23,79,75,70,77,44,43,40,9,11,11,9,6
Luis Ezequiel,Ávila,1994-02-06,172,81,10.5,Argentina,Real Betis,false,59,75,80,71,76,76,58,57,62,76,74,79,71,75,84,84,90,76,84,76,90,38,76,68,77,72,38,46,41,11,6,6,10,14
Cédric,Bakambu,1991-04-11,182,73,3.6,Congo,Real Betis,false,70,75,75,70,77,72,66,57,58,73,76,77,75,73,68,76,82,61,69,68,42,39,81,63,76,66,32,29,21,6,13,6,14,6
Francisco Román,Alarcón Suárez,1992-04-21,176,79,29,Spain,Real Betis,true,82,77,55,85,69,86,85,76,83,85,68,65,84,80,84,74,63,67,55,76,63,61,82,85,78,85,58,62,51,10,8,12,15,6
Giovani,Lo Celso,1996-04-09,177,68,26,Argentina,Real Betis,false,81,80,62,82,73,84,82,81,82,84,70,68,80,80,80,83,71,67,69,79,82,70,80,84,65,82,64,73,68,10,7,10,15,14
Daniel,Pérez Guerrero,2005-07-26,173,64,1.2,Spain,Real Betis,false,58,55,42,69,42,67,57,50,66,69,68,59,80,55,81,52,40,55,39,61,59,54,52,65,46,56,54,55,53,7,9,8,8,15
Jesús,Rodríguez Caraballo,2005-11-21,185,68,3.1,Spain,Real Betis,true,64,60,55,64,56,73,64,49,52,70,83,78,83,65,61,65,70,59,56,63,45,33,65,64,61,68,25,47,45,8,11,14,8,7
Abdessamad,Ezzalzouli,2001-12-17,177,72,16,Morocco,Real Betis,false,72,74,50,72,60,81,66,49,65,78,90,88,83,73,78,75,70,70,57,66,62,18,75,72,53,73,25,32,28,7,5,6,12,9
Antony,Matheus dos Santos,2000-02-24,172,63,19,Brazil,Real Betis,true,74,74,45,75,69,82,84,70,64,82,86,83,89,74,91,75,68,75,60,74,86,50,75,74,66,78,40,45,28,9,10,14,8,13
Pablo,Fornals Malla,1996-02-22,178,67,10.5,Spain,Real Betis,false,77,70,50,80,70,76,74,70,77,79,68,65,76,75,73,76,65,81,67,75,72,72,76,80,55,77,70,72,71,9,11,12,7,15
Pablo,García Fernández,2006-08-15,168,67,1.8,Spain,Real Betis,false,61,61,51,62,55,65,57,50,53,64,78,76,76,60,77,65,66,62,59,60,53,24,63,58,56,60,25,29,32,13,15,15,6,10
Marc,Roca Junqué,1996-11-26,184,81,14.5,Spain,Real Betis,true,67,63,69,80,44,74,66,52,80,77,58,64,65,76,65,75,73,75,75,68,74,76,62,78,68,77,76,77,74,12,11,11,10,8
Mateo,Flores Lozano,2004-04-07,178,70,1.6,Spain,Real Betis,false,52,54,55,66,39,63,58,53,65,65,69,67,68,64,77,64,66,66,63,59,54,64,55,65,49,65,64,65,61,7,12,9,10,10
Sergio,Altimira Clavell,2001-08-25,188,80,11,Spain,Real Betis,true,53,65,67,78,44,72,60,44,76,76,58,65,65,76,55,66,72,75,74,63,65,76,69,76,46,74,76,76,74,11,8,9,12,9
João Lucas,de Souza Cardoso,2001-09-20,185,83,26,Brazil,Real Betis,false,65,63,75,80,62,76,69,66,77,80,74,73,78,77,57,74,84,77,77,68,75,82,74,76,62,75,78,78,77,10,14,8,12,7
William,Silva de Carvalho,1992-04-07,187,83,14,Portugal,Real Betis,false,66,66,70,84,50,82,82,50,82,81,53,55,45,75,55,75,77,81,90,69,76,79,73,81,60,84,78,74,70,6,6,5,14,14
Carlos,Guirao Mora,2003-04-27,175,68,0.5,Spain,Real Betis,false,52,36,62,66,41,63,50,32,61,62,66,64,58,60,75,57,67,61,60,32,56,60,45,60,45,60,60,61,60,12,12,15,13,7
Romain,Perraud,1997-09-22,173,74,6.5,France,Real Betis,true,72,55,70,72,60,70,70,65,70,72,75,72,70,72,70,70,75,70,70,70,70,70,70,70,70,70,70,70,70,10,10,10,10,10
Lucas,Alcázar Moreno,2004-01-01,180,72,0.8,Spain,Real Betis,false,60,50,55,65,50,65,60,55,60,65,70,70,70,70,70,70,70,70,70,70,60,60,60,60,60,60,60,60,60,10,10,10,10,10
Sergio,Arribas Prieto,2001-09-30,172,66,7.5,Spain,Real Betis,false,75,70,50,75,65,80,75,70,75,80,85,80,85,80,85,75,70,75,70,75,70,70,75,75,70,75,50,50,50,10,10,10,10,10
Xavier,Pleguezuelo Selva,1996-01-13,180,75,1.2,Spain,Real Betis,false,55,39,72,70,40,65,60,55,68,70,65,64,60,70,60,70,70,70,70,70,70,70,70,70,70,70,70,70,70,10,10,10,10,10
Diego,Javier Llorente Ríos,1993-08-16,186,75,14.5,Spain,Real Betis,true,55,39,77,75,47,65,30,35,72,72,65,64,61,80,62,45,83,66,78,78,84,82,43,60,53,70,81,81,78,8,12,11,9,7
Ricardo,Iván Rodríguez Araya,1992-08-25,182,83,7,Switzerland,Real Betis,false,80,58,64,81,66,76,80,82,79,79,69,70,64,75,70,82,74,75,72,77,78,70,75,80,80,80,81,80,79,14,13,14,14,11
Bernardo,de Souza,2001-02-06,188,85,14,Brazil,Real Betis,false,39,27,74,65,33,45,35,37,62,65,61,57,57,76,52,51,79,73,77,26,72,78,29,44,47,62,80,78,76,14,13,8,8,6
Nobel,Mendy,2004-08-16,187,80,0.6,France,Real Betis,false,51,43,55,56,39,53,46,41,50,55,63,73,52,57,49,49,65,59,66,42,60,55,48,53,40,56,56,58,57,10,15,9,14,13
Marc,Bartra Aregall,1991-01-15,184,73,6.5,Spain,Real Betis,true,57,55,78,78,43,69,66,51,77,75,68,68,67,81,70,73,84,67,77,68,76,79,61,74,52,75,77,80,80,10,15,13,12,8
Youssouf,Sabaly,1993-03-05,174,67,7.5,Senegal,Real Betis,true,76,47,55,74,40,73,60,38,64,74,76,79,72,73,82,68,73,76,70,59,69,75,72,45,43,70,75,75,75,9,11,8,15,11
Héctor,Bellerín Moruno,1995-03-19,178,74,6.5,Spain,Real Betis,false,75,52,58,74,41,76,63,50,59,76,78,81,75,76,78,52,69,71,57,43,71,74,67,66,62,70,72,75,76,8,14,14,13,12
Aitor,Ruibal García,1996-03-22,176,74,7,Spain,Real Betis,false,76,71,70,57,57,76,63,54,69,78,82,85,73,74,69,80,80,69,68,78,72,72,72,67,61,66,70,73,72,9,14,7,15,8
Ángel,Ortiz Monterrey,2004-07-25,167,60,2.7,Spain,Real Betis,false,68,48,52,66,33,67,65,41,60,67,78,75,65,76,65,59,67,65,59,42,55,65,59,65,39,62,64,65,62,6,7,14,6,8
Adrián,San Miguel Castillo,1987-01-03,190,80,0.5,Spain,Real Betis,true,12,16,15,21,12,15,12,17,32,23,44,42,53,71,48,51,63,38,63,20,20,25,12,32,44,57,18,19,14,73,74,68,71,74
Francisco,Barbosa Vieites,1999-05-07,196,88,2.2,Spain,Real Betis,false,11,6,11,7,7,12,14,10,22,14,33,36,45,69,41,55,55,27,55,9,28,14,6,50,11,42,10,14,14,72,70,73,70,71
Manuel,González Pallarés,2007-04-18,186,72,0.4,Spain,Real Betis,false,15,9,11,19,9,14,14,13,21,19,20,30,28,51,33,45,35,23,44,7,28,13,7,35,16,28,11,14,12,58,57,60,49,56
Germán,García Fernández,2004-02-01,185,75,0.4,Spain,Real Betis,false,13,6,12,21,6,11,10,12,18,10,21,28,30,55,49,40,44,20,52,8,20,11,8,30,11,29,9,13,12,57,55,53,55,56

Mikel,Oyarzabal Ugarte,1997-04-21,181,78,33,Spain,Real Sociedad,true,80,83,75,84,79,83,78,78,75,84,78,76,77,82,77,84,77,79,57,83,62,29,84,83,86,83,55,32,30,10,6,10,13,11
Sheraldo,Rudi Becker,1995-02-09,180,77,7.5,Suriname,Real Sociedad,false,72,74,65,74,73,78,66,50,69,78,91,94,78,78,80,77,84,73,73,71,60,45,75,66,66,73,21,32,33,6,14,15,16,13
Orri,Steinn Óskarsson,2004-08-29,186,76,6.5,Iceland,Real Sociedad,false,52,75,72,66,66,66,60,56,58,74,73,75,66,73,72,74,84,72,76,64,59,26,76,65,66,66,29,25,25,14,14,12,15,7
Sergio,Gómez Martín,2000-09-04,173,71,20,Spain,Real Sociedad,true,81,72,47,81,69,78,78,76,76,78,78,71,85,75,83,76,64,78,58,72,68,75,80,78,76,76,72,74,72,11,7,9,11,10
Ander,Barrenetxea Muguruza,2001-12-27,175,74,17,Spain,Real Sociedad,false,76,75,58,75,66,77,68,43,66,77,85,82,85,76,82,75,75,75,66,67,62,27,76,75,59,75,33,23,14,13,11,11,5,13
Mikel,Goti López,2002-05-23,185,75,1.3,Spain,Real Sociedad,false,58,65,59,64,55,66,62,53,63,65,65,61,62,56,63,66,62,64,62,62,46,28,64,63,51,62,34,32,36,11,7,7,7,14
Arkaitz,Mariezkurrena Etxezarreta,2005-04-05,181,68,1.7,Spain,Real Sociedad,false,61,63,56,62,59,65,59,52,58,65,78,75,74,63,74,63,71,63,61,60,60,51,32,62,57,54,27,27,21,13,9,8,6,13
Brais,Méndez Portela,1997-01-07,187,76,27.5,Spain,Real Sociedad,true,79,82,71,84,69,83,77,78,82,84,72,70,76,82,56,81,80,73,73,80,80,74,62,81,84,76,63,69,61,10,5,10,12,8
Jon Ander,Olasagasti Imizcoz,2000-08-16,176,74,2.9,Spain,Real Sociedad,false,60,65,64,75,57,64,66,62,74,70,66,63,65,71,72,65,71,81,69,64,64,69,71,66,67,59,69,73,65,14,13,14,8,12
Luka,Sučić,2002-09-08,185,71,17,Croatia,Real Sociedad,true,74,71,62,78,72,78,77,74,76,78,82,76,74,75,65,82,80,73,76,76,77,60,72,75,77,65,64,65,54,15,12,10,11,7
Beñat,Turrientes Imaz,2002-01-31,181,70,4.2,Spain,Real Sociedad,false,62,45,56,75,43,71,66,71,75,74,68,65,72,68,82,65,64,76,59,61,61,69,68,65,70,56,66,67,66,7,11,7,12,8
Pablo,Marín Tejada,2003-07-03,178,71,2.1,Spain,Real Sociedad,false,54,63,40,72,55,67,53,42,70,69,65,68,67,59,67,60,51,53,55,61,49,28,62,64,44,56,34,44,43,7,7,6,15,13
Takefusa,Kubo,2001-06-04,173,64,27.5,Japan,Real Sociedad,true,80,79,49,78,67,86,77,74,74,84,89,84,86,80,83,77,70,75,60,76,59,28,80,80,63,80,40,43,46,6,7,15,10,10
Arsen,Zakharyan,2003-05-26,182,73,9.5,Russia,Real Sociedad,false,73,68,51,72,67,72,73,77,76,75,82,77,69,72,69,78,65,70,53,75,58,51,69,74,60,70,57,54,44,11,14,12,13,10
Daniel,Díaz Gándara,2006-06-22,165,58,1.3,Spain,Real Sociedad,false,60,58,33,61,50,65,57,61,55,65,76,75,82,59,84,59,42,52,36,54,45,22,59,57,54,58,23,29,24,7,6,7,13,10
Martín,Zubimendi Ibáñez,1999-02-02,180,74,38.5,Spain,Real Sociedad,true,70,69,65,83,49,77,73,56,83,83,69,66,75,84,75,65,72,85,68,73,70,83,79,82,45,82,80,82,79,7,6,12,14,13
Javier,López Carballo,2002-03-25,184,80,6,Spain,Real Sociedad,true,70,45,65,69,33,70,67,31,64,70,76,81,75,68,55,55,76,75,69,36,63,70,66,67,36,63,67,70,68,11,13,14,14,11
Aihen,Muñoz Capellán,1997-08-16,175,68,6,Spain,Real Sociedad,false,72,51,65,75,45,78,66,41,75,70,78,77,67,73,70,55,75,77,62,60,78,72,70,66,36,74,73,72,71,10,9,10,15,15
Jon,Balda Zubiri,2002-04-20,174,70,1,Spain,Real Sociedad,false,64,52,56,61,56,58,62,56,62,62,71,67,64,59,76,64,65,57,63,63,59,54,59,59,38,55,59,59,59,5,15,5,8,13
Nayef,Aguerd,1996-03-30,190,76,24.5,Morocco,Real Sociedad,true,48,40,81,78,41,60,55,41,76,75,65,80,55,80,49,69,84,72,78,54,81,82,52,68,48,82,83,80,80,7,15,9,14,6
Jon,Pacheco Dozagarat,2001-01-08,184,77,4.9,Spain,Real Sociedad,false,25,18,75,75,21,36,31,24,64,71,49,55,46,72,59,32,74,62,73,16,64,72,33,42,36,58,72,73,72,14,13,14,14,8
Igor,Zubeldia Elorza,1997-03-30,181,73,18.5,Spain,Real Sociedad,true,65,62,74,81,47,71,73,65,77,73,75,80,74,80,74,75,86,80,81,60,86,81,63,72,51,73,80,79,76,6,8,9,10,13
Aritz,Elustondo Irribaria,1994-03-28,180,71,11.5,Spain,Real Sociedad,false,72,35,79,79,37,48,53,41,65,76,60,67,58,80,56,44,82,70,77,42,83,80,38,32,43,75,78,77,77,7,10,12,15,8
Jon,Martín Vicente,2006-04-23,185,83,1,Spain,Real Sociedad,false,27,21,61,61,20,37,22,24,58,59,69,67,49,62,60,34,70,67,65,27,57,62,32,44,36,52,62,62,58,14,12,9,8,10
Luken,Beitia Aguirregomezcorta,2004-06-30,191,77,0.9,Spain,Real Sociedad,false,40,29,61,62,26,40,33,23,60,61,59,62,46,61,63,41,67,63,66,26,60,61,32,45,40,54,61,62,60,11,12,8,9,14
Álvaro,Odriozola Arzalluz,1995-12-14,176,66,7,Spain,Real Sociedad,false,75,48,70,71,48,75,71,47,70,74,76,83,73,78,73,61,73,78,58,59,62,73,69,63,67,73,72,73,73,11,12,10,5,14
Jon Mikel,Aramburu Mejías,2002-07-23,176,71,9,Venezuela,Real Sociedad,false,66,45,65,68,35,63,63,55,62,68,75,69,67,73,70,53,75,76,69,44,76,74,55,62,65,76,74,74,78,12,7,11,13,5
Hamari,Traoré,1992-01-27,175,64,14.5,Mali,Real Sociedad,false,80,52,71,75,32,76,74,42,73,77,80,84,75,76,80,72,83,90,73,58,75,73,72,66,47,72,73,79,76,10,14,9,7,16
Iñaki,Rupérez Urtasun,2003-01-07,180,75,1.3,Spain,Real Sociedad,false,62,58,54,62,40,63,60,34,55,64,69,65,64,63,64,60,64,65,62,55,52,62,58,57,49,55,59,61,61,14,10,8,6,12
Alejandro,Remiro Gargallo,1995-03-24,191,79,32.5,Spain,Real Sociedad,true,12,13,13,36,15,19,14,17,29,26,44,46,70,79,40,60,69,42,73,11,34,20,11,44,24,55,14,17,18,84,80,80,86,86
Unai,Marrero Larrañaga,2001-10-09,189,82,2,Spain,Real Sociedad,false,10,5,10,21,6,8,12,10,16,16,26,24,21,64,38,44,52,24,59,9,16,9,7,42,15,40,5,10,10,67,65,59,65,68
Aitor,Fraga Torres,2003-03-12,194,83,1.1,Spain,Real Sociedad,false,14,9,12,20,6,11,13,11,22,14,31,29,24,63,28,47,56,22,63,8,25,11,4,30,18,25,7,11,12,63,63,62,64,64
Egoitz,Arana Aizpurua,2002-02-19,197,88,0.4,Spain,Real Sociedad,false,11,9,13,24,5,7,10,14,17,18,22,18,38,55,22,42,53,17,64,7,28,12,6,39,13,53,11,13,10,60,60,56,61,59

Thierno,Barry,2002-10-21,195,82,7,France,Villarreal CF,true,55,75,68,64,67,72,65,46,45,72,78,83,78,70,61,74,84,67,80,63,76,14,75,58,70,73,18,18,19,10,12,6,14,11
Gerard,Moreno Balagueró,1992-04-07,180,77,29.5,Spain,Villarreal CF,false,77,86,82,79,81,83,77,62,75,82,77,77,77,82,72,82,87,77,73,81,61,42,84,78,85,80,44,41,41,15,12,7,12,10
Ayoze,Pérez Gutiérrez,1993-07-29,178,66,25,Spain,Villarreal CF,true,80,82,76,80,74,84,74,60,75,83,80,76,80,80,81,78,80,71,60,74,76,49,84,80,78,78,61,61,42,12,12,11,14,8
Alejandro,Baena Rodríguez,2001-07-20,175,70,47,Spain,Villarreal CF,true,82,75,58,83,69,81,78,80,80,82,79,79,80,80,72,77,71,78,60,77,76,66,80,84,68,74,67,66,64,6,11,8,12,11
Santiago,Comesaña Veiga,1996-10-05,188,75,11,Spain,Villarreal CF,true,54,73,67,80,51,76,50,55,79,77,59,56,61,78,55,71,72,76,75,75,74,75,72,73,53,78,77,80,79,8,11,11,6,9
Pape,Gueye,1999-09-20,188,84,6,Senegal,Villarreal CF,false,53,68,57,61,61,66,58,45,63,63,78,77,65,66,74,70,71,78,59,75,19,64,52,64,65,65,25,19,12,7,9,13,12,11
Alassane,Diatta,2005-05-14,190,78,0.55,Senegal,Villarreal CF,false,46,35,70,61,31,42,33,30,56,56,61,64,56,59,53,68,58,60,40,60,58,64,39,45,44,44,61,61,61,14,15,8,8,14
Daniel,Parejo Muñoz,1989-04-16,182,74,12,Spain,Villarreal CF,true,86,78,63,87,72,77,88,90,85,85,53,51,60,75,74,80,66,69,68,85,65,79,77,90,86,85,76,74,73,5,9,12,14,8
Denis,Suárez Fernández,1994-01-06,176,66,4,Spain,Villarreal CF,false,75,69,49,78,68,74,80,69,77,77,67,53,73,76,73,74,58,55,70,70,47,67,73,77,63,74,69,65,49,10,14,10,7,7
Thiago,Ezequiel Ojeda,2003-01-12,187,72,1.1,Argentina,Villarreal CF,false,58,60,53,63,59,64,55,49,59,59,70,65,65,63,55,60,61,66,59,61,65,61,66,59,62,49,60,63,61,14,9,7,13,5
Yeremy,Jesús Pino Santos,2002-10-20,172,65,39.5,Spain,Villarreal CF,true,77,75,46,78,67,81,73,60,74,80,78,77,80,76,80,73,58,70,45,69,53,29,79,76,54,65,31,48,41,9,7,14,6,9
Nicolas,Pépé,1995-05-29,183,73,17,Ivory Coast,Villarreal CF,false,75,75,57,77,70,82,81,79,66,80,87,87,90,78,75,82,80,70,75,74,43,33,76,74,85,75,36,34,30,11,14,11,6,8
Tajon,Trevor Buchanan,1999-02-08,183,71,5,Canada,Villarreal CF,false,67,65,68,70,58,75,55,47,61,74,93,91,79,73,69,75,84,73,70,58,78,68,64,68,55,66,68,64,64,13,9,7,8,7
Ilias,Akhomach Chakkour,2004-04-16,175,70,9.5,Morocco,Villarreal CF,false,71,74,38,72,55,77,68,63,57,77,80,78,80,70,72,72,59,69,55,74,51,23,71,67,59,62,25,30,35,6,12,9,6,12
Sergi,Cardona Bermúdez,1999-07-08,185,77,24.5,Spain,Villarreal CF,true,74,50,65,76,45,75,66,34,67,76,84,81,71,74,74,75,81,85,72,54,73,76,68,73,44,73,74,80,73,6,11,11,15,7
Alfonso,Pedraza Sag,1996-04-09,184,73,12.5,Spain,Villarreal CF,false,76,72,67,74,63,77,74,57,68,74,80,79,76,75,68,78,80,74,69,69,69,72,77,69,66,74,77,75,75,12,6,14,7,12
Arnau,Solà Mateu,2003-04-04,179,73,1.8,Spain,Villarreal CF,false,63,22,64,62,29,54,52,45,43,59,67,60,58,67,67,29,67,59,58,23,53,65,48,32,40,47,63,68,66,7,7,8,11,14
Logan,Costa,2001-04-01,190,85,10.5,Cabo Verde,Villarreal CF,true,55,38,78,72,27,65,48,31,68,67,60,57,48,72,50,59,83,72,80,33,73,74,28,40,39,76,76,74,74,6,12,13,7,7
Raúl,Albiol Tortajada,1985-09-04,190,82,2.5,Spain,Villarreal CF,true,38,27,76,74,31,59,53,45,72,72,34,33,44,77,50,65,72,43,78,30,64,37,75,76,53,82,83,82,76,8,6,5,9,8
Willy,Kambwala Ndengushi,2004-08-25,192,85,3.2,France,Villarreal CF,false,47,26,65,62,32,56,46,22,56,56,70,75,66,62,48,47,76,42,76,21,65,63,47,47,30,64,67,66,63,11,5,7,13,9
Eric,Bailly,1994-04-12,186,77,2.5,Ivory Coast,Villarreal CF,false,49,33,72,68,42,65,46,43,61,67,64,71,61,70,60,55,81,50,80,73,76,76,47,59,46,76,76,72,74,14,14,10,9,8
Pau,Navarro Badenes,2005-04-25,185,72,1.9,Spain,Villarreal CF,false,44,34,68,59,34,29,33,28,55,63,65,65,64,65,59,52,67,59,47,57,66,66,29,59,44,70,66,67,67,9,9,8,10,10
Francisco,Femenía Far,1991-02-02,174,61,2.9,Spain,Villarreal CF,true,75,53,59,76,54,68,62,55,61,72,71,69,71,70,69,56,69,74,61,63,71,73,61,67,60,75,75,74,74,16,15,7,15,11
Juan,Marcos Foyth,1998-01-12,187,83,15,Argentina,Villarreal CF,false,73,43,78,79,43,69,61,47,69,75,70,69,68,77,69,56,84,69,77,42,78,78,53,65,47,79,80,79,79,8,15,7,14,9
Diego,José Conde Alcolado,1998-10-28,188,78,12.5,Spain,Villarreal CF,true,15,11,14,22,13,15,22,20,25,20,44,41,58,75,38,51,64,39,62,9,21,14,11,47,21,75,75,68,76,79,75,76,79,75
Luiz,Lúcio Reis Júnior,2001-01-14,194,88,20,Brazil,Villarreal CF,false,13,9,13,24,6,10,13,14,26,18,29,31,31,75,25,53,63,22,72,5,24,14,8,52,14,76,77,69,76,77,76,76,76,77
Rubén,Gómez Peris,2002-01-24,182,75,0.8,Spain,Villarreal CF,false,23,6,10,26,7,8,11,12,25,10,29,29,60,59,42,45,44,28,46,6,20,20,11,40,12,62,61,60,62,60,60,62,60,60
Iker,Álvarez de Eulate,2001-07-25,190,78,0.8,Andorra,Villarreal CF,false,20,7,10,28,10,8,12,12,26,20,41,33,48,59,45,50,58,35,60,20,18,6,57,13,55,67,66,67,68,68,68,67,68,68
Alejandro,Quevedo Barber,2004-04-28,191,79,0.8,Spain,Villarreal CF,false,13,10,11,23,9,11,13,15,15,14,27,22,42,57,20,52,54,21,62,7,18,9,8,29,17,65,64,69,59,57,57,59,69,65

Abel,Ruiz Ortega,2000-01-28,180,75,8,Spain,Girona FC,true,60,72,75,74,74,76,60,56,67,76,76,78,75,76,76,72,77,84,80,74,73,55,24,76,76,73,45,38,20,6,10,10,10,8
Cristhian,Stuani Curbelo,1986-10-12,186,76,2.6,Uruguay,Girona FC,false,68,77,73,74,74,70,66,57,65,73,64,66,63,73,59,80,89,68,88,75,80,77,36,82,70,90,45,49,42,16,14,9,16,8
Bojan,Miovski,1999-06-24,189,76,6.5,North Macedonia,Girona FC,false,54,74,68,70,70,72,69,52,60,68,74,78,68,74,74,79,83,79,72,65,79,67,24,76,64,82,21,26,21,10,12,7,13,13
Iván,Martín Núñez,1999-02-14,178,70,18.5,Spain,Girona FC,true,80,69,80,63,42,79,81,65,80,79,76,74,81,78,72,73,65,74,60,75,73,55,76,78,76,68,68,74,65,13,6,11,6,6
Donny,van de Beek,1997-04-18,184,76,11,Netherlands,Girona FC,false,63,75,80,76,76,76,80,65,77,81,63,62,74,75,68,80,71,59,68,76,76,75,72,78,80,61,68,72,71,7,12,8,10,14
Enric,García Hurtado,2006-02-28,175,66,0.6,Spain,Girona FC,false,52,54,62,42,51,58,55,50,56,63,63,59,62,58,73,56,57,59,55,50,59,54,58,51,59,44,56,57,54,8,15,10,15,12
Gabriel,Osei Misehouy,2005-07-18,173,68,1.8,Netherlands,Girona FC,false,64,60,44,66,60,66,65,57,63,66,73,69,75,64,87,65,57,58,58,58,66,34,65,66,55,67,32,31,38,14,14,9,12,5
Ricard,Artero Ruiz,2003-02-05,181,75,1.3,Spain,Girona FC,false,55,62,51,66,50,65,56,50,63,66,72,65,73,58,63,63,63,57,57,57,52,54,59,62,55,57,58,59,58,8,8,14,12,14
Raúl,Martínez Moreno,2006-02-28,183,80,0.7,Spain,Girona FC,false,53,55,58,62,41,59,48,40,62,61,63,65,65,58,67,57,65,59,64,53,40,56,57,57,44,53,56,54,56,11,8,14,9,11
Bryan,Gil Salvatierra,2001-02-11,175,60,25,Spain,Girona FC,true,80,75,34,76,66,83,76,72,72,80,86,83,89,76,79,69,50,59,33,68,64,30,76,76,52,81,31,32,30,13,10,14,6,6
Arnaut,Danjuma Adam Groeneveld,1997-01-31,178,74,15,Netherlands,Girona FC,false,75,73,72,76,70,80,79,59,66,78,85,88,83,76,75,76,85,65,72,76,63,32,75,76,75,76,35,52,47,15,8,10,8,14
Min-su,Kim,2006-01-19,177,72,1.2,South Korea,Girona FC,false,58,60,54,62,46,63,53,57,53,63,78,75,75,60,72,57,60,59,48,52,33,24,60,58,47,52,22,24,21,9,11,6,8,8
Viktor,Tsygankov,1997-11-15,178,73,28,Ukraine,Girona FC,true,80,74,45,80,72,80,80,76,77,80,82,83,83,78,72,78,63,77,53,77,63,39,80,80,81,78,60,39,37,9,7,15,6,12
Yaser,Asprilla Martínez,2003-11-19,175,75,21,Colombia,Girona FC,false,76,71,42,75,62,80,77,58,72,76,83,81,83,73,67,81,65,70,63,76,51,44,73,75,73,52,55,45,45,13,13,8,12,14
Cristian,Portu Portugués Manzanera,1992-05-21,167,66,6,Spain,Girona FC,false,74,73,69,74,75,74,74,64,67,74,82,81,78,74,79,77,82,77,71,75,78,55,74,74,73,55,54,51,51,14,10,15,15,13
Papa,Dame Ba,2004-09-12,180,75,1,Senegal,Girona FC,false,60,58,42,62,44,62,52,33,49,62,76,75,75,59,75,55,46,53,41,52,32,21,59,56,50,22,24,21,21,10,9,7,5,8
Yangel,Herrera Ravelo,1998-01-07,184,78,30,Venezuela,Girona FC,true,67,75,81,83,60,81,65,56,81,82,67,66,73,80,69,82,82,79,82,79,81,80,79,81,60,74,80,81,80,6,7,9,14,8
Oriol,Romeu Vidal,1991-09-24,183,83,7,Spain,Girona FC,true,46,45,73,77,52,65,57,53,74,73,53,55,53,75,56,78,78,75,83,50,86,77,64,72,54,76,77,76,76,12,14,10,11,16
Jhon,Elmer Solís Romero,2004-10-03,189,80,3.8,Colombia,Girona FC,false,53,62,62,72,50,69,50,44,68,69,65,63,56,70,53,66,75,81,77,61,61,68,70,65,65,68,70,66,66,13,15,7,11,6
Arthur,Henrique Ramos Oliveira Melo,1996-08-12,171,73,7.5,Brazil,Girona FC,false,78,56,51,83,69,83,79,60,82,85,63,55,78,74,89,76,62,68,62,73,70,70,74,70,68,73,70,68,70,6,13,13,11,12
Miguel,Gutiérrez Ortega,2001-07-27,180,73,35,Spain,Girona FC,true,84,72,68,82,60,81,83,45,76,82,84,81,82,80,75,76,79,85,68,66,73,77,81,80,62,75,76,78,76,14,10,8,6,10
Daley,Blind,1990-03-09,180,72,5.5,Netherlands,Girona FC,true,85,56,79,86,66,75,84,62,86,82,38,39,69,80,72,74,72,63,73,64,64,71,83,68,54,83,82,82,79,12,9,10,14,10
Ladislav,Krejčí,1999-04-20,191,87,22,Czech Republic,Girona FC,false,56,62,84,76,65,69,55,54,75,73,71,78,57,76,65,78,91,81,85,68,91,78,73,70,76,76,76,77,75,9,5,6,14,6
David,López Silva,1989-10-09,185,81,5.5,Spain,Girona FC,true,55,53,81,83,55,64,50,45,80,75,48,43,40,78,54,75,80,58,80,62,62,80,80,60,54,81,81,78,79,9,12,7,11,15
Alejandro,Francés Torrijo,2002-08-01,181,70,10.5,Spain,Girona FC,false,72,44,73,72,37,64,51,42,69,67,81,76,74,74,74,54,88,78,76,37,74,75,61,62,48,75,75,73,75,14,12,9,6,7
Juan,Pedro Ramírez López,1991-04-30,190,80,2,Spain,Girona FC,false,35,35,78,73,15,40,39,60,65,50,50,34,73,31,55,81,68,83,50,50,72,74,32,58,40,74,74,74,74,11,8,11,8,13
Antal,Yaakobishvili,2004-07-12,193,86,1.7,Hungary,Girona FC,false,25,21,65,68,24,50,29,23,62,64,65,66,49,64,40,76,60,76,18,9,58,63,26,46,37,64,64,61,61,12,11,5,9,9
Arnau,Martínez López,2003-04-25,182,72,25,Spain,Girona FC,true,80,55,75,80,40,74,72,40,70,77,83,80,75,79,59,83,82,68,50,83,67,74,62,74,50,73,76,74,74,10,7,7,10,9
Ferran,Ruiz Martí,2003-04-26,172,65,1,Spain,Girona FC,false,63,37,47,62,24,62,57,31,55,63,73,66,65,61,48,60,64,58,34,34,54,59,44,56,37,59,59,58,58,9,12,7,5,12
Paulo,Gazzaniga Farias,1992-01-02,196,90,13,Argentina,Girona FC,true,23,12,14,49,13,20,31,21,54,31,57,56,65,78,60,62,66,42,55,19,40,19,15,64,40,61,23,21,14,81,79,83,81,81
Juan,Carlos Martín Corral,1987-01-20,186,85,0.8,Spain,Girona FC,false,31,14,19,25,15,13,12,12,27,22,58,61,56,67,57,54,73,41,71,15,13,21,11,42,30,53,25,20,21,72,73,72,71,73
Lucas,García Madrigal,2004-06-18,184,70,0.9,Spain,Girona FC,false,13,4,10,26,7,7,14,9,30,20,34,32,33,59,45,45,41,26,41,6,25,11,7,36,11,34,5,11,8,61,61,60,61,61
Vladyslav,Krapyvtsov,2005-06-25,188,75,0.9,Ukraine,Girona FC,false,14,6,11,25,5,14,14,12,20,20,35,31,32,58,41,45,41,25,40,7,22,12,5,35,10,33,7,10,12,62,62,60,62,62



