Luis,Díaz,1997-01-13,180,73,57.5,Colombia,Liverpool,true,76,83,71,77,81,89,77,58,72,87,91,90,88,83,79,85,84,87,69,81,75,38,84,78,63,82,41,47,38,10,13,13,14,14
Darwin,Núñez,1999-06-24,187,81,28.5,Uruguay,Liverpool,false,69,78,77,74,75,79,75,61,68,77,88,92,74,76,66,88,94,88,83,77,84,45,82,78,78,76,42,52,39,14,10,12,10,13
Dominik,Szoboszlai,2000-10-25,186,74,43.5,Hungary,Liverpool,true,85,78,63,83,85,83,90,83,82,83,76,87,78,82,68,89,75,89,69,79,68,67,83,82,79,79,64,70,62,10,10,13,10,6
Curtis,Jones,2001-01-30,185,75,29,England,Liverpool,false,67,75,55,83,69,84,75,51,77,83,68,73,78,80,76,77,71,83,74,73,74,71,79,78,60,83,72,76,68,6,13,7,11,7
Harvey,Elliott,2003-04-04,168,64,31.5,England,Liverpool,false,77,64,40,79,62,81,71,62,72,79,78,71,90,75,90,78,49,75,34,81,61,54,80,81,59,78,52,58,48,10,10,6,14,7
Trey,Nyoni,2007-06-30,180,75,1.2,England,Liverpool,false,51,52,50,68,52,70,55,42,65,69,68,67,68,58,68,57,53,55,49,46,49,49,62,63,51,64,49,52,45,7,8,7,10,8
Cody,Gakpo,1999-05-07,189,76,50.5,Netherlands,Liverpool,true,83,84,81,80,78,86,82,76,85,85,85,82,75,83,67,88,91,76,78,83,63,45,83,81,68,83,46,48,31,15,11,7,9,5
Mohamed,Salah,1992-06-15,175,72,104,Egypt,Liverpool,true,86,95,59,88,83,90,88,69,81,90,89,89,89,94,91,83,79,88,75,84,63,55,93,89,87,93,38,43,41,14,14,9,11,14
Federico,Chiesa,1997-10-25,175,70,33.5,Italy,Liverpool,false,75,81,53,78,78,85,78,62,83,78,89,87,90,80,84,84,75,68,70,79,74,54,81,77,62,82,51,51,48,6,7,8,9,7
Alexis,Mac Allister,1998-12-24,176,72,84.5,Argentina,Liverpool,true,79,79,65,87,77,84,83,82,86,86,71,67,82,85,86,88,73,87,69,82,83,79,80,86,86,86,78,80,74,7,10,14,15,10
Virgil,van Dijk,1991-07-08,193,92,77.5,Netherlands,Liverpool,true,53,52,88,80,45,70,60,70,86,77,66,87,54,90,50,81,89,75,93,64,85,91,47,70,62,90,91,91,87,13,10,13,11,11
Ibrahima,Konaté,1999-05-25,194,95,60,France,Liverpool,true,38,29,84,78,28,67,50,27,74,74,70,82,55,85,44,45,83,74,90,31,87,83,44,63,41,78,86,86,86,9,7,9,9,15
Jarell,Quansah,2003-01-28,190,80,12,England,Liverpool,false,38,26,74,71,41,69,48,37,74,71,69,78,53,71,56,54,82,72,79,28,75,73,36,54,45,76,75,74,76,9,6,11,9,9
Joe,Gomez,1997-05-23,188,77,21,England,Liverpool,false,73,20,75,78,34,72,55,29,76,76,75,87,64,78,64,46,86,75,81,22,79,80,56,65,26,75,79,82,79,8,13,14,7,7
Trent,Alexander-Arnold,1998-10-07,180,72,74,England,Liverpool,true,93,64,69,89,71,79,88,85,85,85,72,78,73,85,72,85,75,89,68,76,69,84,89,66,82,82,78,78,78,14,15,14,6,7
Ryan,Gravenberch,2002-05-16,190,77,53.5,Netherlands,Liverpool,true,73,76,58,80,69,84,74,69,76,83,78,74,77,69,75,78,74,83,81,79,61,73,77,81,58,76,69,69,59,12,8,6,11,12
Wataru,Endo,1993-02-09,178,77,12.5,Japan,Liverpool,false,58,67,79,80,36,78,45,49,78,80,70,52,72,81,78,76,79,84,67,73,82,78,77,62,79,79,80,75,75,9,13,7,11,5
Tyler,Morton,2002-10-31,178,73,5,England,Liverpool,false,70,55,59,76,57,73,74,71,76,75,67,61,72,72,70,62,65,77,59,64,70,66,67,74,57,75,67,68,68,12,13,5,13,12
Andrew,Robertson,1994-03-11,178,64,26.5,Scotland,Liverpool,true,87,55,67,83,32,78,82,71,76,82,79,78,75,85,74,76,76,93,67,65,85,81,82,55,83,81,83,81,81,11,8,10,7,14
Konstantinos,Tsimikas,1996-05-12,179,77,12.5,Greece,Liverpool,false,83,48,55,75,37,76,77,68,72,75,83,78,77,74,73,72,79,77,77,64,80,76,75,73,54,71,73,77,75,8,12,8,13,10
Conor,Bradley,2003-07-09,181,75,20,Ireland,Liverpool,false,72,60,62,74,55,75,60,33,65,76,82,84,72,74,66,67,76,84,65,56,83,73,68,39,68,68,71,76,74,15,9,10,5,10
Alisson,Ramses Becker,1992-10-02,193,91,54.5,Brazil,Liverpool,true,17,13,29,60,20,27,19,18,58,42,60,49,40,87,37,64,82,78,14,14,27,11,66,23,66,66,15,19,16,86,85,85,89,89
Caoimhín,Kelleher,1998-11-23,188,81,18,Ireland,Liverpool,false,13,6,13,48,9,25,12,11,50,37,45,39,44,77,48,59,68,71,8,8,21,12,56,30,66,66,18,10,14,77,76,79,78,80
Vítězslav,Jaroš,2001-07-23,190,85,2.3,Czech Republic,Liverpool,false,12,11,11,14,14,15,20,19,29,20,39,38,50,63,41,51,57,58,13,13,23,12,60,17,58,58,12,13,13,70,68,68,66,68
Harvey,Davies,2003-09-03,190,80,0.7,England,Liverpool,false,14,5,12,7,7,13,13,13,28,14,30,28,33,54,26,43,55,63,7,7,26,12,24,13,23,23,13,10,10,60,63,57,59,60

Omar,Marmoush,1999-02-07,183,81,51,Egypt,Manchester City,true,64,87,69,85,82,87,77,84,63,86,87,91,89,85,83,85,80,76,67,79,72,34,87,79,79,84,31,30,21,11,13,15,8,11
Erling,Haaland,2000-07-21,195,94,157,Norway,Manchester City,false,58,96,83,77,90,79,77,62,66,83,80,94,77,93,69,94,92,76,93,83,88,43,95,74,90,88,38,47,29,7,14,13,11,7
Divin,Mubama,2004-10-25,183,70,0.6,England,Manchester City,false,41,61,58,48,55,57,45,38,39,56,73,77,63,67,56,59,70,54,62,52,58,20,59,47,56,55,23,27,18,10,12,13,14,11
Kevin,De Bruyne,1991-06-28,181,75,63.5,Belgium,Manchester City,true,94,84,55,93,83,85,93,83,91,91,67,67,73,90,75,92,71,70,75,90,75,66,94,83,87,87,66,70,53,15,13,5,10,13
Claudio,Echeverri,2006-01-02,170,65,10,Argentina,Manchester City,false,70,64,40,69,59,81,78,69,68,74,91,82,92,71,92,68,54,55,40,67,54,35,71,72,52,74,32,38,37,9,12,6,13,11
Jérémy,Doku,2002-05-27,173,77,32.5,Belgium,Manchester City,true,70,73,37,78,59,89,72,54,69,81,95,89,93,77,92,77,72,63,73,71,62,18,76,74,51,75,40,28,25,11,10,8,9,12
Jack,Grealish,1995-09-10,180,81,26,England,Manchester City,false,76,48,84,72,72,87,83,74,78,86,77,75,84,81,85,76,70,83,71,79,65,49,79,81,58,86,58,54,48,11,6,11,10,13
Sávio,Moreira de Oliveira,2004-04-10,176,71,45,Brazil,Manchester City,true,83,74,45,81,63,87,80,55,70,85,90,87,90,79,76,69,62,73,45,67,45,25,79,80,62,80,26,30,36,9,12,8,9,12
Bernardo,Mota Carvalho e Silva,1994-08-10,173,65,52.5,Portugal,Manchester City,false,84,78,54,86,78,88,84,67,82,88,71,64,93,92,87,79,63,90,54,79,78,73,85,64,89,89,70,76,68,9,10,14,12,9
Phil,Foden,2000-05-28,171,70,88,England,Manchester City,false,80,84,47,84,59,89,88,74,82,89,86,82,92,84,92,89,65,83,53,83,64,59,83,84,64,86,60,59,47,8,15,6,10,13
James,McAtee,2002-10-18,180,72,3.6,England,Manchester City,false,67,70,42,72,53,75,67,56,67,77,73,72,77,72,72,67,60,69,62,67,43,33,71,71,58,72,44,42,43,12,6,6,10,11
Oscar,Bobb,2003-07-12,174,73,5.5,Norway,Manchester City,false,60,66,48,76,55,81,67,58,73,79,84,76,81,62,80,66,46,50,34,54,44,24,64,72,63,68,32,34,31,11,12,9,15,8
İlkay,Gündoğan,1990-10-24,180,80,26,Germany,Manchester City,true,77,85,50,89,75,88,86,80,85,91,65,60,77,77,86,81,67,75,73,84,70,78,86,86,80,87,77,78,67,11,14,5,5,13
Mateo,Kovačić,1994-05-06,177,80,34.5,Croatia,Manchester City,true,73,58,42,89,76,87,78,70,84,88,75,64,86,84,84,78,63,75,66,76,77,76,75,82,59,84,73,68,71,9,5,6,7,7
Nico,González,2002-01-03,188,85,26,Spain,Manchester City,false,70,70,69,83,58,78,62,59,81,75,66,73,67,76,57,76,79,82,68,74,85,73,72,79,60,75,74,70,67,14,14,10,12,7
Rodrigo,Hernández Cascante,1996-06-22,191,82,115.5,Spain,Manchester City,false,76,74,81,93,71,84,86,64,91,90,65,66,66,93,67,92,83,91,89,83,85,84,76,84,62,94,92,87,82,10,10,7,14,8
Nico,O'Reilly,2005-03-21,193,82,2.4,England,Manchester City,true,64,62,48,69,53,67,66,56,67,69,67,71,67,65,51,65,62,59,69,63,52,52,64,68,58,68,49,56,45,7,13,8,7,12
Joško,Gvardiol,2002-01-23,185,80,54.5,Croatia,Manchester City,true,72,64,78,80,60,79,74,59,76,81,80,79,68,84,67,81,90,79,83,72,86,82,67,68,61,81,83,84,84,5,8,6,9,11
Nathan,Aké,1995-02-18,180,75,30.5,Netherlands,Manchester City,false,63,48,82,81,52,73,64,59,75,79,77,75,67,68,84,64,88,71,56,78,80,83,51,68,53,79,84,84,84,10,7,7,16,10
Rúben,Santos Gato Alves Dias,1997-05-14,187,82,68.5,Portugal,Manchester City,true,54,29,85,85,32,64,46,48,75,75,59,64,62,88,56,74,86,78,90,26,88,86,39,64,45,86,88,86,87,7,8,13,7,12
Manuel,Akanji,1995-07-19,187,91,31.5,Switzerland,Manchester City,false,55,38,79,82,42,76,54,59,78,76,76,80,85,54,54,75,90,71,48,86,82,83,37,65,40,83,85,83,83,10,9,13,6,9
Abdukodir,Khusanov,2004-02-29,186,84,21.5,Uzbekistan,Manchester City,false,47,34,72,66,37,54,48,40,64,69,79,91,59,73,51,49,88,64,83,36,79,77,44,58,46,69,76,78,74,12,7,9,8,5
Jahmai,Simpson-Pusey,2005-11-04,189,85,1.9,England,Manchester City,false,33,23,64,60,22,55,37,29,51,58,66,69,59,63,54,39,74,61,72,25,62,65,38,41,36,65,67,66,66,14,10,12,6,5
Vitor,Reis,2006-01-12,186,81,3.5,Brazil,Manchester City,false,28,29,70,69,32,65,42,33,65,67,64,67,61,69,56,42,74,62,71,33,67,72,32,59,45,63,71,70,70,9,9,15,15,14
John,Stones,1994-05-28,188,76,30,England,Manchester City,false,63,54,84,85,44,79,62,37,79,83,68,69,87,67,68,68,84,74,77,61,80,84,58,78,52,88,86,84,84,7,15,11,10,8
Matheus,Luiz Nunes,1998-08-27,184,78,16,Portugal,Manchester City,true,73,69,53,80,59,82,74,58,79,81,79,86,78,71,78,77,74,79,68,74,76,78,77,77,62,75,74,75,74,13,10,12,12,13
Rico,Lewis,2004-11-21,170,64,26,England,Manchester City,false,76,53,58,82,30,80,54,42,73,80,81,75,84,79,82,61,65,72,47,51,66,75,70,76,50,77,74,76,74,11,8,11,12,13
Ederson,Santana de Moraes,1993-08-17,188,86,45,Brazil,Manchester City,true,20,14,14,65,18,30,39,20,68,45,64,63,60,84,48,68,79,44,78,18,38,27,20,70,65,70,15,8,8,85,82,91,84,85
Stefan,Ortega Moreno,1992-11-06,185,88,11,Germany,Manchester City,false,18,15,20,50,13,26,30,12,60,41,51,53,42,77,54,65,73,33,73,12,29,27,10,66,24,56,12,15,15,78,77,86,80,82
Scott,Carson,1985-09-03,190,86,0.1,England,Manchester City,false,14,19,18,25,13,17,18,16,17,20,33,37,38,59,42,46,61,18,70,20,23,19,11,44,20,38,15,20,20,61,63,61,65,62

Gabriel,Martinelli,2001-06-18,178,75,41.5,Brazil,Arsenal,true,77,82,72,78,78,87,74,68,65,84,91,88,87,82,81,77,82,82,63,73,80,39,82,79,62,79,44,44,43,10,6,7,6,6
Raheem,Sterling,1994-12-08,172,69,14,England,Arsenal,false,76,79,48,65,77,86,79,68,81,79,88,83,93,82,92,78,71,65,77,77,52,38,76,70,76,76,38,48,40,15,12,12,15,9
Leandro,Trossard,1994-12-04,171,67,35.5,Belgium,Arsenal,true,79,83,65,80,82,84,83,69,77,84,87,77,92,85,85,83,75,76,81,84,47,18,81,75,84,84,30,31,18,14,8,11,7,7
Nathan,Butler-Oyedeji,2003-01-04,177,74,0.5,England,Arsenal,false,55,60,56,49,49,62,55,42,45,59,75,74,73,53,73,57,64,48,54,53,48,15,54,62,55,55,14,14,20,6,10,13,14,5
Kai,Havertz,1999-06-11,193,82,38.5,Germany,Arsenal,false,75,80,81,83,80,84,81,53,77,86,74,79,75,81,54,79,86,85,75,74,56,43,84,81,83,80,45,47,41,6,8,11,10,12
Gabriel,Jesus,1997-04-03,175,73,23,Brazil,Arsenal,false,73,80,76,79,77,87,75,54,66,85,86,81,88,80,89,82,86,76,69,75,82,32,81,78,75,78,45,30,28,13,8,6,6,15
Bukayo,Saka,2001-09-05,178,65,121,England,Arsenal,true,89,85,49,85,79,89,87,74,77,88,88,84,85,88,87,79,73,86,68,83,68,62,85,86,82,87,60,60,60,7,8,13,9,13
Ethan,Nwaneri,2007-03-21,176,70,13,England,Arsenal,false,58,64,42,59,59,65,64,52,67,67,71,65,74,78,83,62,51,52,60,60,44,40,63,53,64,76,43,30,30,14,11,8,12,9
Declan,Rice,1999-01-14,185,80,85,England,Arsenal,true,79,72,85,50,72,82,81,65,84,86,71,75,55,85,65,84,82,92,81,82,85,86,79,71,86,86,85,85,85,8,11,14,5,9
Mikel,Merino,1996-06-22,189,83,42,Spain,Arsenal,false,77,79,87,58,87,83,80,69,85,85,72,72,74,86,73,85,88,80,79,76,83,85,83,70,80,81,80,76,76,9,12,9,13,14
Martin,Ødegaard,1998-12-17,178,68,99.5,Norway,Arsenal,true,86,83,55,91,79,89,84,85,91,91,72,69,85,83,91,82,66,88,56,84,64,69,91,68,87,87,68,72,57,14,15,15,8,10
Thomas,Partey,1993-06-13,185,77,25.5,Ghana,Arsenal,true,74,66,68,85,56,80,69,67,84,81,55,68,63,80,50,85,75,76,84,77,84,82,70,81,49,86,80,84,78,11,13,9,9,7
Jorge,Luiz Frello Filho,1991-12-20,178,68,17,Italy,Arsenal,false,75,65,56,88,68,79,75,76,87,86,54,39,67,82,72,71,63,79,66,61,77,79,69,83,84,84,71,78,70,14,7,13,14,8
Myles,Lewis-Skelly,2006-09-26,178,6,5,England,Arsenal,true,68,51,62,73,54,74,70,45,72,70,72,71,68,81,73,64,76,74,57,57,77,70,69,71,55,74,68,73,70,11,10,6,12,9
Kieran,Tierney,1997-06-05,180,73,13.5,Scotland,Arsenal,false,80,52,59,78,38,79,73,56,68,76,78,82,75,76,73,79,76,72,71,66,84,77,75,74,42,75,76,77,76,13,16,8,12,13
Oleksandr,Zinchenko,1996-12-15,175,64,13.5,Ukraine,Arsenal,false,82,58,70,82,61,81,83,76,81,81,72,61,79,77,79,78,74,74,63,73,74,78,80,58,78,78,75,78,77,15,11,13,11,11
Riccardo,Calafiori,2002-05-19,188,86,21,Italy,Arsenal,false,73,62,75,76,57,75,72,65,67,77,76,75,69,78,69,75,82,73,78,70,79,77,70,66,50,75,76,78,79,9,11,5,6,11
Jakub,Kiwior,2000-02-15,189,75,9.5,Poland,Arsenal,true,65,29,74,72,32,62,54,34,65,65,63,74,54,78,55,62,79,79,76,28,74,76,57,64,39,71,77,78,76,7,7,6,13,14
Gabriel,Magalhães,1997-12-19,190,87,82.5,Brazil,Arsenal,false,38,37,87,80,28,54,47,27,76,71,61,76,51,85,37,62,86,71,86,30,87,86,44,59,40,77,87,86,86,12,8,13,10,7
William,Saliba,2001-03-24,193,85,92,France,Arsenal,true,58,35,79,84,34,74,55,35,79,82,77,86,53,86,46,60,89,72,88,23,83,86,54,62,47,85,88,89,86,7,10,6,8,11
Jurriën,Timber,2001-06-17,179,78,40.5,Netherlands,Arsenal,true,76,41,74,81,41,77,65,31,71,78,78,78,73,82,76,61,87,79,82,46,76,83,70,69,42,85,83,83,76,6,6,8,14,14
Benjamin,White,1997-10-08,185,77,42,England,Arsenal,false,77,30,78,84,23,78,64,20,82,83,70,75,68,84,61,53,83,83,78,27,81,84,59,76,24,83,83,84,82,8,11,12,5,6
Takehiro,Tomiyasu,1998-11-05,188,84,15.5,Japan,Arsenal,false,65,29,74,75,30,71,48,37,74,74,70,69,78,67,69,42,84,77,82,28,78,78,58,63,37,72,81,82,81,9,14,6,5,11
David,Raya,1995-09-15,183,75,54,Spain,Arsenal,true,12,19,20,62,20,19,18,15,67,43,64,59,68,84,45,65,64,31,38,14,29,11,15,68,26,68,14,13,13,85,83,87,84,87
Norberto,Neto,1989-07-19,190,83,1.8,Brazil,Arsenal,false,11,15,14,12,12,18,12,13,23,12,55,50,58,77,48,55,68,40,62,20,40,15,11,43,22,60,14,15,15,78,72,73,76,79

Mathys,Tel,2005-04-27,183,77,23,France,Tottenham Hotspur,true,56,80,70,68,76,79,68,56,59,77,85,87,79,64,77,88,80,67,67,77,48,18,77,71,64,74,22,27,32,12,9,15,7,11
Heung-Min,Son,1992-07-08,183,78,67.5,South Korea,Tottenham Hotspur,false,84,90,72,83,83,87,87,74,85,87,86,88,81,90,74,89,82,88,69,89,62,39,91,82,75,88,45,34,33,11,13,13,6,10
Wilson,Odobert,2004-11-28,182,75,6.5,France,Tottenham Hotspur,false,66,67,44,67,57,76,55,51,55,74,87,85,68,74,79,66,55,67,43,69,38,23,72,68,63,63,29,30,28,5,10,12,11,7
Timo,Werner,1996-03-06,180,76,10.5,Germany,Tottenham Hotspur,false,68,72,72,74,74,79,70,58,55,76,94,91,78,73,76,80,85,81,64,71,63,37,79,68,77,72,39,20,24,9,9,8,15,9
Mikey,Moore,2007-08-11,180,74,1.8,England,Tottenham Hotspur,false,58,61,51,48,48,65,59,55,66,66,76,75,74,56,77,62,62,56,53,63,39,29,57,63,54,64,38,32,27,6,6,5,10,14
Richarlison,de Andrade,1997-05-10,184,71,19,Brazil,Tottenham Hotspur,true,73,81,84,77,81,80,76,65,61,82,79,76,82,81,65,83,90,75,72,72,84,46,84,75,77,82,43,58,48,12,7,8,11,13
Dominic,Solanke,1997-09-14,187,80,31,England,Tottenham Hotspur,false,55,84,85,77,77,80,57,48,60,79,70,79,67,82,68,82,89,83,84,73,75,22,85,70,73,78,22,25,22,9,15,14,9,10
Dane,Scarlett,2004-03-24,179,73,1.7,England,Tottenham Hotspur,false,48,66,67,57,59,64,52,43,44,65,80,76,61,71,78,64,77,64,57,57,57,22,65,55,67,64,17,16,18,12,8,7,5,14
Brennan,Johnson,2001-05-23,186,73,25,Wales,Tottenham Hotspur,true,78,80,58,73,73,78,64,43,63,78,87,85,78,66,88,74,70,78,52,68,48,23,78,67,79,79,45,45,53,14,7,13,5,13
James,Maddison,1996-11-23,175,73,44.5,England,Tottenham Hotspur,true,83,80,35,86,77,86,86,86,88,88,77,66,80,83,84,83,57,78,53,83,70,54,88,74,88,88,59,65,42,11,14,14,12,14
Dejan,Kulusevski,2000-04-25,186,80,62,Sweden,Tottenham Hotspur,true,86,80,61,85,80,88,86,67,76,85,80,75,75,82,69,79,78,91,82,83,73,64,83,65,85,85,63,66,63,14,5,10,10,5
Lucas,Bergvall,2006-02-02,186,74,15.5,Sweden,Tottenham Hotspur,false,67,63,51,78,49,78,70,65,77,77,78,74,71,75,73,66,71,76,70,61,75,77,73,76,53,78,69,73,71,7,13,13,10,9
Rodrigo,Bentancur,1997-06-25,187,73,29.5,Uruguay,Tottenham Hotspur,true,76,68,65,84,71,84,71,68,83,85,68,66,68,78,76,71,72,81,74,65,78,81,73,82,67,86,79,82,78,8,7,14,14,12
Pape,Matar Sarr,2002-09-14,184,70,29.5,Senegal,Tottenham Hotspur,false,72,65,58,81,54,79,60,49,78,79,72,68,75,82,72,69,73,85,71,67,76,81,74,77,50,79,77,79,74,14,8,14,8,8
Yves,Bissouma,1996-08-30,182,78,18,Mali,Tottenham Hotspur,false,65,58,65,81,65,80,62,75,78,80,70,72,74,77,77,79,75,75,76,76,76,79,69,74,58,81,76,79,76,12,8,8,12,8
Archie,Gray,2006-03-12,187,70,6.5,England,Tottenham Hotspur,false,67,59,68,75,55,74,60,55,73,74,74,76,72,75,72,62,78,75,72,60,71,74,68,70,57,75,72,74,73,15,12,13,6,5
Djed,Spence,2000-08-09,184,71,3.5,England,Tottenham Hotspur,true,72,38,51,67,27,76,57,28,72,76,86,86,78,67,71,54,71,68,60,45,46,70,56,52,65,65,66,72,63,13,8,7,11,6
Destiny,Udogie,2002-11-28,186,73,41.5,Italy,Tottenham Hotspur,false,80,64,69,79,58,82,64,51,65,81,86,89,78,79,70,74,85,83,78,59,81,81,79,75,46,78,77,79,76,8,14,11,10,14
Sergio,Reguilón,1996-12-16,178,68,5.5,Spain,Tottenham Hotspur,false,76,54,72,74,43,75,75,43,69,75,82,79,75,70,75,69,80,67,60,60,76,73,73,73,42,73,71,74,72,11,14,9,5,12
Micky,van de Ven,2001-04-19,193,86,39.5,Netherlands,Tottenham Hotspur,true,58,43,75,77,47,72,37,34,74,75,81,93,59,80,49,48,89,74,84,57,79,83,48,55,39,82,84,84,85,7,13,13,11,7
Ben,Davies,1993-04-24,181,76,5,Wales,Tottenham Hotspur,false,71,58,73,78,48,70,72,48,75,76,63,53,64,78,66,65,75,70,70,52,79,77,60,64,54,76,78,77,77,11,7,6,7,14
Cristian,Romero,1998-04-27,185,79,39.5,Argentina,Tottenham Hotspur,true,42,48,82,77,52,60,54,38,70,69,67,68,67,83,64,51,86,71,83,36,89,86,43,60,40,82,85,84,84,5,7,11,10,14
Kevin,Danso,1998-09-19,190,85,25,Austria,Tottenham Hotspur,false,44,26,82,70,31,59,46,31,68,68,65,83,55,79,46,49,89,75,90,25,85,78,43,52,42,74,82,78,77,12,13,6,11,15
Radu,Drăgușin,2002-02-03,191,80,12,Romania,Tottenham Hotspur,false,36,27,74,68,38,65,37,33,63,63,68,77,63,74,59,56,82,67,80,40,69,74,25,48,49,70,75,77,75,10,11,14,12,6
Pedro,Porro,1999-09-13,173,69,46,Spain,Tottenham Hotspur,true,84,68,69,80,64,82,83,78,77,83,80,84,81,71,71,83,79,91,71,75,75,78,81,66,79,79,81,77,77,15,7,14,5,7
Guglielmo,Vicario,1996-10-07,194,76,35.5,Italy,Tottenham Hotspur,true,11,6,11,58,7,22,14,10,55,44,54,49,56,82,38,59,67,38,60,5,35,15,13,69,13,63,23,11,13,84,79,79,82,86
Antonín,Kinský,2003-03-13,190,80,8,Czech Republic,Tottenham Hotspur,false,13,6,14,40,8,18,13,14,45,30,25,26,39,68,25,56,56,20,60,6,24,11,6,47,15,70,9,10,11,76,76,76,74,75
Fraser,Forster,1988-03-17,201,93,0.4,England,Tottenham Hotspur,false,19,13,13,27,19,20,10,19,36,33,26,32,44,68,42,50,65,29,80,12,44,22,13,48,22,54,11,13,12,72,71,67,74,75
Brandon,Austin,1999-01-08,188,77,1,England,Tottenham Hotspur,false,12,9,13,6,6,14,12,11,17,17,36,49,42,59,38,48,53,18,54,9,27,6,4,32,11,45,21,12,12,69,65,64,65,66
Alfie,Whiteman,1998-10-02,189,84,0.6,England,Tottenham Hotspur,false,14,9,14,8,8,12,12,10,23,23,34,28,31,50,41,42,48,26,48,9,25,12,4,33,11,42,21,13,14,66,58,56,60,71

Harvey,Barnes,1997-12-09,185,72,23,England,Newcastle United,true,71,78,46,76,68,82,79,69,68,83,84,85,78,83,77,82,72,74,71,83,53,43,82,81,54,77,44,43,40,6,5,11,8,10
Anthony,Gordon,2001-02-24,183,72,49.5,England,Newcastle United,false,81,81,59,74,74,85,82,74,66,83,89,92,79,83,71,78,75,87,61,76,74,40,82,81,70,81,49,56,48,5,6,14,7,8
William,Osula,2003-08-04,192,81,2.3,Denmark,Newcastle United,false,36,68,57,59,59,68,56,38,64,64,67,69,55,66,51,72,57,71,55,55,48,18,56,68,64,67,23,16,18,13,6,9,9,7
Callum,Wilson,1992-02-27,180,66,21,England,Newcastle United,false,61,85,73,78,78,77,63,52,83,79,77,79,75,72,72,80,87,76,74,74,75,40,85,70,87,81,39,40,27,10,15,8,10,6
Jacob,Murphy,1995-02-24,179,74,17,England,Newcastle United,true,80,74,45,77,50,81,79,67,67,79,83,82,74,78,75,84,69,80,68,71,56,65,78,79,66,78,60,65,55,13,16,13,10,6
Joelinton,Apolinário de Lira,1996-08-14,186,81,32,Brazil,Newcastle United,true,73,75,82,84,60,83,58,38,78,85,70,81,68,85,66,84,90,88,90,61,91,80,83,61,83,83,79,83,80,9,13,8,13,13
Bruno,Guimarães,1997-11-16,182,74,56.5,Brazil,Newcastle United,true,75,72,66,87,66,85,81,62,87,85,69,68,78,84,84,78,77,88,79,82,87,80,78,85,65,87,78,82,79,7,11,15,11,11
Joe,Willock,1999-08-20,186,71,10.5,England,Newcastle United,false,67,74,70,79,66,81,70,46,74,78,75,81,79,75,67,76,75,71,65,75,70,75,79,62,76,76,70,75,63,11,6,12,8,9
Sean,Longstaff,1997-10-30,187,74,6.5,England,Newcastle United,false,63,64,53,76,58,75,70,63,75,75,56,59,72,62,72,75,61,84,69,61,66,74,78,54,74,74,75,64,64,6,8,13,14,12
Lewis,Miley,2006-05-01,189,68,5.5,England,Newcastle United,false,64,61,57,77,56,74,65,59,70,72,68,63,70,68,68,67,68,77,59,60,49,65,77,49,78,78,62,68,58,9,7,10,12,7
Sandro,Tonali,2000-05-08,181,79,63,Italy,Newcastle United,true,78,69,70,85,68,78,75,81,83,85,81,86,83,83,83,82,84,82,83,83,84,75,79,64,84,84,83,84,81,13,9,8,7,7
Tino,Livramento,2002-11-12,181,71,27,England,Newcastle United,true,77,47,56,76,41,80,79,51,61,78,81,85,76,78,78,60,75,78,70,46,74,76,70,66,79,79,73,79,76,10,12,8,13,13
Matt,Targett,1995-09-18,183,70,3.8,England,Newcastle United,false,79,40,60,71,40,71,77,68,66,73,63,61,62,70,63,65,69,66,64,44,63,75,62,51,67,66,74,72,69,10,15,8,11,14
Jamal,Lewis,1998-01-25,178,70,1.3,Ireland,Newcastle United,false,69,53,57,67,50,70,61,40,62,69,72,71,75,65,75,60,70,57,67,44,64,68,67,55,38,68,65,69,64,14,7,5,5,13
Lewis,Hall,2004-09-08,179,71,7,England,Newcastle United,false,75,61,54,78,62,76,75,70,72,74,78,70,77,85,68,66,64,73,52,62,60,69,62,70,55,75,68,72,68,14,8,9,8,14
Dan,Burn,1992-05-09,198,87,9,England,Newcastle United,true,68,25,78,75,22,68,48,46,67,67,34,49,32,76,30,60,70,76,89,29,85,75,61,60,48,73,78,77,77,15,13,7,8,10
Sven,Botman,2000-01-12,193,81,37,Netherlands,Newcastle United,false,43,24,81,77,27,63,46,28,75,74,48,68,50,80,34,65,83,66,90,37,84,82,45,59,37,76,84,83,82,12,9,8,6,14
Fabian,Schär,1991-12-20,188,84,20,Switzerland,Newcastle United,true,67,62,82,82,64,76,65,69,85,78,50,51,53,83,64,80,81,78,67,71,80,85,64,79,78,82,84,84,80,8,9,11,10,15
Jamaal,Lascelles,1993-11-11,188,83,2.5,England,Newcastle United,false,46,34,75,64,33,41,37,16,59,60,38,40,47,68,50,51,83,83,84,27,81,74,23,40,20,60,73,74,72,10,15,7,10,15
Kieran,Trippier,1990-09-19,173,71,19,England,Newcastle United,true,90,54,79,81,58,76,87,87,83,80,71,64,67,82,79,81,80,78,67,71,76,80,77,83,66,82,80,80,79,11,14,8,11,10
Emil,Krafth,1994-08-02,184,83,2.7,Sweden,Newcastle United,false,70,56,69,72,46,69,72,54,73,73,53,53,62,74,64,70,70,68,72,58,69,74,56,62,54,72,77,77,74,8,13,15,14,7
Nick,Pope,1992-04-19,199,90,15,England,Newcastle United,true,11,14,11,42,14,15,13,12,52,25,50,47,36,78,42,53,71,37,75,15,36,23,13,50,22,63,19,15,14,82,82,70,79,84
Martin,Dúbravka,1989-01-15,190,80,0.9,Slovakia,Newcastle United,false,12,10,12,48,11,19,15,13,59,33,36,42,47,70,60,59,60,60,17,17,28,25,12,58,20,59,19,15,14,76,74,78,75,78
Odysseas,Vlachodimos,1994-04-26,190,81,1.6,Greece,Newcastle United,false,15,12,13,27,14,13,17,13,24,23,42,44,62,70,38,50,71,39,68,16,32,23,14,46,18,56,17,14,12,74,73,66,74,74
John,Ruddy,1986-10-24,193,97,0.3,England,Newcastle United,false,14,7,12,25,11,11,13,13,23,23,35,40,23,70,22,51,63,36,71,15,24,22,15,39,18,53,11,11,11,68,72,68,70,69
Mark,Gillespie,1992-03-27,192,83,0.3,England,Newcastle United,false,13,16,11,34,12,17,12,15,28,28,32,34,30,56,40,46,56,20,62,12,26,20,11,42,19,48,12,11,19,64,62,61,63,66

Ollie,Watkins,1995-12-30,180,70,43,England,Aston Villa,true,67,84,84,78,80,81,74,63,64,78,81,86,78,85,76,84,92,88,82,76,76,55,86,77,74,77,45,46,36,14,14,14,6,10
Marco,Asensio,1996-01-21,182,76,21,Spain,Aston Villa,true,81,77,59,81,79,83,84,76,81,86,77,73,78,76,76,81,72,68,63,87,45,45,79,79,62,82,40,42,39,13,9,6,12,10
Ross,Barkley,1993-12-05,186,76,10,England,Aston Villa,false,73,76,68,81,70,79,74,73,80,80,52,53,60,76,61,83,70,70,75,79,71,59,76,80,65,81,60,68,63,9,14,12,6,10
Jacob,Ramsey,2001-05-21,180,72,20,England,Aston Villa,true,71,77,56,77,65,81,73,54,69,78,77,80,79,85,79,78,75,79,72,75,73,67,78,75,53,78,69,73,64,14,9,8,6,12
John,McGinn,1994-10-18,178,68,25.5,Scotland,Aston Villa,false,76,76,57,81,75,81,76,61,80,81,72,69,77,81,85,84,77,92,82,77,86,79,77,79,55,77,79,82,75,9,13,12,10,12
Marcus,Rashford,1997-10-31,186,70,30.5,England,Aston Villa,false,74,80,71,78,73,84,80,75,72,82,87,91,79,79,69,93,82,68,65,80,52,27,81,77,85,76,30,29,24,11,6,15,7,14
Morgan,Rogers,2002-07-26,188,80,37.5,England,Aston Villa,true,75,79,56,82,64,84,74,55,78,82,74,79,78,81,85,76,77,79,82,74,70,68,81,83,60,83,62,67,49,7,8,13,11,14
Donyell,Malen,1999-01-19,176,68,25,Netherlands,Aston Villa,false,72,80,67,77,81,85,76,61,61,83,91,84,86,81,86,84,75,75,70,71,65,31,82,71,74,79,29,33,35,7,9,9,10,14
Leon,Bailey,1997-08-09,178,77,23,Jamaica,Aston Villa,false,75,76,57,73,76,87,76,65,83,72,93,91,77,88,61,76,64,75,61,75,55,28,77,78,71,75,45,34,29,12,13,6,15,14
Youri,Tielemans,1997-05-07,176,72,38.5,Belgium,Aston Villa,true,78,77,65,86,82,79,84,78,86,85,51,57,62,84,75,85,70,77,83,83,64,70,79,86,75,86,74,75,67,6,8,10,14,12
Boubacar,Kamara,1999-11-23,184,68,42.5,France,Aston Villa,false,64,47,72,84,28,73,59,47,77,80,64,68,66,81,72,67,80,81,81,63,78,85,62,75,63,86,85,86,80,8,12,8,6,11
Amadou,Onana,2001-08-16,195,85,24.5,Belgium,Aston Villa,false,59,57,80,82,51,73,65,46,84,82,71,85,66,74,69,81,84,83,74,67,82,72,47,70,39,80,84,78,75,7,12,12,9,10
Lamare,Bogarde,2004-01-05,183,70,1.8,Netherlands,Aston Villa,false,53,44,60,66,41,62,54,43,60,67,65,63,58,65,61,56,73,61,75,38,70,64,50,60,55,63,62,68,65,9,10,11,13,10
Lucas,Digne,1993-07-20,178,74,18,France,Aston Villa,true,86,60,71,78,68,76,83,83,73,77,76,70,72,79,78,81,80,80,69,76,76,73,75,60,79,79,77,78,78,6,12,9,6,13
Ian,Maatsen,2002-03-10,178,63,26.5,Netherlands,Aston Villa,false,77,64,58,80,57,81,71,62,70,81,88,85,78,86,86,72,70,74,52,68,73,74,68,72,45,74,72,72,78,9,10,12,15,9
Tyrone,Mings,1993-03-13,196,77,9.5,England,Aston Villa,true,70,37,77,75,34,68,53,37,75,67,49,72,34,75,46,61,80,60,85,42,86,76,53,57,45,71,78,78,80,7,10,13,7,15
Pau,Francisco Torres,1997-01-16,191,80,24,Spain,Aston Villa,false,64,31,85,84,41,64,74,54,86,80,66,73,64,80,52,58,86,78,78,40,73,81,66,78,42,85,83,83,82,11,13,13,13,9
Kortney,Hause,1995-07-16,191,77,1.4,England,Aston Villa,false,55,30,69,65,31,53,36,26,63,62,45,50,45,65,50,64,73,33,84,39,74,69,32,56,40,57,71,69,69,15,16,14,10,14
Ezri,Konsa,1997-10-23,183,77,31.5,England,Aston Villa,true,65,53,80,80,43,75,64,38,76,78,74,81,67,84,68,69,86,79,78,32,75,83,50,75,38,85,85,84,80,14,8,11,13,9
Axel,Disasi,1998-03-11,190,86,11,France,Aston Villa,false,48,43,80,72,45,55,48,30,66,66,50,60,43,75,40,70,83,70,88,40,76,76,47,55,43,74,76,77,75,12,8,11,8,6
Matty,Cash,1997-08-07,185,74,19,Poland,Aston Villa,true,77,66,49,74,55,75,70,48,71,76,76,77,73,79,70,77,68,86,68,64,84,76,71,66,44,72,77,80,80,15,16,13,13,8
Andrés,García Robledo,2003-02-07,183,82,6.5,Spain,Aston Villa,false,73,62,45,72,63,75,70,50,64,72,82,79,74,70,62,70,67,78,63,65,63,72,69,67,58,69,71,71,67,11,12,11,11,9
Emiliano,Martínez,1992-09-02,195,88,36,Argentina,Aston Villa,true,22,16,26,61,13,24,22,20,59,43,55,57,54,83,49,63,79,40,78,16,40,21,12,67,43,69,25,20,20,84,82,84,85,87
Robin,Olsen,1990-01-08,198,89,0.8,Sweden,Aston Villa,false,20,11,16,32,16,11,18,16,50,18,31,40,32,68,33,57,65,75,14,14,27,20,13,59,26,45,22,12,16,74,70,76,76,74

Rasmus,Højlund,2003-02-04,191,79,21.5,Denmark,Manchester United,true,38,77,71,73,68,76,60,48,49,74,84,86,64,73,62,84,90,78,84,70,82,28,75,60,71,72,32,28,19,12,8,9,14,7
Chidozie,Obi-Martin,2007-11-29,188,81,1.6,Denmark,Manchester United,false,55,65,61,57,62,61,59,62,48,60,74,76,71,62,60,64,74,58,67,57,36,23,65,57,65,64,23,26,24,7,10,9,9,6
Joshua,Zirkzee,2001-05-22,193,89,21.5,Netherlands,Manchester United,false,58,77,71,78,75,85,68,66,72,85,74,71,84,74,61,76,86,69,84,75,60,40,78,79,77,79,40,36,35,6,11,12,8,14
Alejandro,Garnacho Ferreyra,2004-07-01,180,72,21,Argentina,Manchester United,true,75,77,44,74,79,79,75,61,66,78,88,84,87,77,88,78,59,77,45,69,66,40,78,73,56,71,36,37,29,6,15,14,13,7
Bruno,Miguel Borges Fernandes,1994-09-08,179,69,66.5,Portugal,Manchester United,true,82,82,63,89,87,82,85,85,90,86,72,68,78,89,76,86,70,95,61,84,84,63,86,92,90,82,62,71,66,12,14,15,8,14
Mason,Mount,1999-01-10,181,74,12.5,England,Manchester United,false,80,75,55,79,75,79,82,82,79,80,71,67,74,77,72,79,65,68,56,77,73,63,77,78,69,80,58,66,53,11,12,13,8,13
Patrick,Dorgu,2004-10-26,175,60,2.1,Denmark,Manchester United,true,66,56,53,56,39,70,54,52,65,54,75,80,70,78,63,51,51,68,34,49,64,57,60,48,42,48,53,65,66,11,8,6,11,7
Christian,Eriksen,1992-02-14,182,76,11,Denmark,Manchester United,true,82,70,49,83,76,74,85,83,84,84,53,48,62,77,71,79,50,66,49,78,34,53,75,83,71,80,54,60,35,9,14,7,7,6
Manuel,Ugarte,2001-04-11,182,77,35.5,Uruguay,Manchester United,true,62,65,55,79,45,78,62,58,78,77,70,69,69,78,72,67,73,83,77,65,87,83,75,75,62,82,79,82,78,6,10,16,8,13
Carlos,Casimiro,1992-02-23,185,84,17,Brazil,Manchester United,false,68,69,80,80,77,68,75,70,79,77,35,40,48,79,51,82,75,63,82,78,90,77,71,76,66,77,79,81,80,13,14,16,12,12
Kobbie,Mainoo,2005-04-19,181,80,22.5,England,Manchester United,false,65,73,64,80,58,82,76,55,78,81,75,69,80,88,78,69,77,74,73,62,74,74,76,58,84,76,70,77,75,14,11,10,5,9
Toby,Collyer,2004-01-03,183,65,2.5,England,Manchester United,false,56,41,56,70,31,65,66,48,70,66,67,71,67,69,67,64,68,57,68,52,70,66,68,50,69,69,64,66,68,12,6,9,13,13
Amad,Diallo,2002-07-11,173,67,28,Ivory Coast,Manchester United,true,75,77,48,76,54,83,77,60,71,80,88,82,92,77,89,78,62,69,45,69,42,55,78,77,63,78,40,43,34,13,15,8,11,6
Diogo,Dalot,1999-03-18,183,76,24.5,Portugal,Manchester United,false,76,54,72,77,44,79,80,52,74,77,84,86,78,74,77,82,87,83,77,71,82,78,75,47,76,76,76,77,79,10,6,10,6,8
Matthijs,de Ligt,1999-08-12,189,89,42,Netherlands,Manchester United,true,52,50,85,77,45,65,48,55,76,72,54,68,52,62,83,84,86,64,91,75,85,83,44,40,82,82,83,84,82,12,11,11,12,10
Harry,Amass,2007-03-16,178,75,0.1,England,Manchester United,false,53,25,45,48,26,62,46,28,59,46,70,76,70,68,52,35,56,66,56,24,52,53,55,40,40,49,53,60,58,9,15,15,9,12
Harry,Maguire,1993-03-05,193,100,0.1,England,Manchester United,true,51,48,84,79,49,68,67,46,71,82,37,37,33,78,33,82,81,66,89,50,84,82,61,69,68,81,80,80,70,14,16,9,14,9
Leny,Yoro,2005-11-13,190,75,0.1,France,Manchester United,false,47,38,76,74,35,55,37,32,68,58,65,79,55,61,61,51,81,69,75,37,73,79,41,60,40,72,77,82,80,13,7,5,14,14
Victor,Lindelöf,1994-07-17,187,80,0.1,Sweden,Manchester United,false,62,42,75,80,38,70,67,53,77,73,51,53,62,78,60,72,75,76,65,52,76,83,51,72,60,83,80,78,75,12,16,8,7,9
Luke,Shaw,1995-07-12,181,75,19,England,Manchester United,false,85,46,76,84,65,78,84,67,82,84,72,77,66,74,80,80,84,73,77,56,85,83,78,80,38,83,83,79,79,10,12,13,7,7
Tyler,Fredricson,2005-02-23,188,81,1.3,England,Manchester United,false,37,22,61,56,20,54,44,31,50,51,66,64,56,60,53,46,73,57,72,28,69,63,32,46,35,54,64,65,63,11,10,12,13,7
Lisandro,Martínez,1998-01-18,178,77,37.5,Argentina,Manchester United,false,75,52,75,83,56,76,77,55,84,80,74,68,77,82,83,73,90,73,79,64,92,85,62,77,55,87,85,86,84,6,14,13,14,8
Ayden,Heaven,2006-09-22,189,84,1.1,England,Manchester United,false,39,24,59,58,27,47,44,30,53,44,70,72,56,59,51,35,72,61,76,26,64,63,35,49,41,63,63,64,62,6,9,6,7,8
Noussair,Mazraoui,1997-11-14,183,65,27.5,Morocco,Manchester United,true,79,69,73,83,56,83,69,42,74,84,83,73,86,79,74,68,82,76,61,61,71,81,80,77,44,79,76,77,81,12,7,13,12,12
André,Onana,1996-04-02,190,93,29,Cameroon,Manchester United,true,15,12,20,57,13,26,30,17,58,40,62,60,66,79,53,65,79,40,78,17,38,15,11,68,27,65,12,18,14,82,76,86,79,84
Altay,Bayındır,1998-04-14,198,88,7,Turkey,Manchester United,false,11,10,14,40,15,10,10,14,45,16,30,31,51,69,24,54,61,31,68,11,29,14,14,55,16,60,14,13,10,78,73,72,76,79
Tom,Heaton,1986-04-15,188,85,0.2,England,Manchester United,false,17,12,16,38,12,17,22,13,45,35,44,40,50,61,50,53,63,20,63,12,31,24,12,48,24,59,16,15,13,70,71,70,71,70

Nicolas,Jackson,2001-06-20,187,78,37.5,Senegal,Chelsea,true,62,82,76,78,76,84,70,53,62,82,82,87,80,80,81,79,89,81,78,70,70,35,83,73,62,80,35,37,33,12,7,12,7,7
Marc,Guiu Paz,2006-01-04,187,82,3.7,Spain,Chelsea,false,40,73,70,60,55,65,53,40,40,70,74,76,65,67,63,75,84,69,81,62,82,27,70,53,62,67,23,28,27,5,6,9,14,10
Shumaira,Mheuka,2007-10-20,185,75,1,England,Chelsea,false,46,64,54,54,56,56,49,46,44,61,76,79,74,56,71,64,70,56,66,59,54,29,61,51,56,61,26,29,24,12,13,7,6,6
Cole,Palmer,2002-05-06,185,76,111,England,Chelsea,true,85,85,62,87,70,87,86,81,86,89,76,78,81,88,81,85,72,81,62,85,63,52,87,89,90,89,45,53,40,7,6,10,14,14
Kiernan,Dewsbury-Hall,1998-09-06,176,80,14,England,Chelsea,false,73,70,65,80,70,78,77,70,77,80,72,65,73,75,73,75,73,81,67,73,77,70,77,77,65,77,70,72,68,12,15,9,10,7
Christopher,Nkunku,1997-11-14,177,68,33.5,France,Chelsea,false,78,82,65,82,70,84,81,78,78,84,78,78,86,79,85,81,75,68,65,79,50,43,81,80,83,80,45,45,30,5,6,10,15,7
Omari,Kellyman,2005-09-25,191,78,1,England,Chelsea,false,57,58,53,65,52,67,53,52,62,63,66,67,67,60,65,67,59,53,56,60,55,42,57,58,57,60,40,43,40,12,5,13,13,13
Noni,Madueke,2002-03-10,182,75,27,England,Chelsea,true,73,74,52,75,65,85,76,63,70,80,89,90,88,75,84,79,75,75,70,74,67,40,76,73,75,76,40,40,30,5,13,6,12,15
Tyrique,George,2006-02-04,181,75,2.6,England,Chelsea,false,60,60,40,62,55,72,58,57,57,68,82,80,85,60,81,70,57,62,53,67,50,35,58,62,55,65,35,35,25,5,7,10,12,8
Jadon,Sancho,2000-03-25,180,76,33.5,England,Chelsea,false,73,74,40,81,72,90,83,65,70,87,83,77,90,79,90,75,62,72,55,70,40,33,78,81,73,83,38,35,25,7,11,10,11,13
Pedro,Lomba Neto,2000-03-09,172,62,25,Portugal,Chelsea,true,76,75,49,75,68,84,68,56,62,81,89,87,90,74,90,77,68,70,55,73,55,41,75,76,62,69,32,23,17,6,13,7,12,6
Enzo,Jeremías Fernández,2001-01-17,178,76,52,Argentina,Chelsea,true,78,72,70,87,75,80,84,76,89,84,68,68,75,80,78,82,75,85,73,76,83,76,76,85,73,82,74,76,74,8,6,7,8,10
Moisés,Isaac Caicedo Corozo,2001-11-02,178,73,43,Ecuador,Chelsea,true,62,57,65,85,57,78,70,55,82,83,78,73,80,84,81,72,80,87,77,72,87,85,63,79,55,82,85,88,84,15,6,13,9,13
Roméo,Lavia,2004-01-06,181,76,26,Belgium,Chelsea,false,62,43,67,79,43,78,67,50,76,77,74,71,77,76,76,63,80,77,60,60,77,79,75,50,78,78,76,77,76,7,7,5,11,13
Mathis,Amougou,2006-01-18,177,65,1.2,France,Chelsea,false,52,48,47,66,48,67,54,47,64,67,75,68,73,76,63,55,63,56,60,49,64,65,54,64,46,63,57,65,57,5,8,13,12,12
Marc,Cucurella Saseta,1998-07-22,174,66,39.5,Spain,Chelsea,true,81,61,70,83,55,80,79,63,79,82,79,76,82,83,82,73,78,89,70,63,85,82,76,77,57,79,82,83,81,13,7,9,10,11
Levi,Colwill,2003-02-26,187,83,24.5,England,Chelsea,true,65,36,75,79,36,68,67,36,75,75,67,73,63,78,62,50,82,76,80,40,84,79,46,73,40,77,80,81,79,15,14,8,10,14
Benoît,Badiashile,2001-03-26,194,75,13.5,France,Chelsea,false,50,42,75,75,36,57,55,43,75,67,55,67,50,75,45,65,80,65,83,43,76,76,42,65,45,72,77,78,76,8,7,5,15,8
Trevoh,Chalobah,1999-07-05,192,75,18,England,Chelsea,true,55,46,77,76,47,65,62,44,74,75,70,76,52,76,57,65,86,70,83,60,75,78,50,67,45,75,78,78,78,5,5,9,9,7
Tosin,Adarabioyo,1997-09-24,197,80,15.5,England,Chelsea,false,43,40,76,77,30,58,53,33,77,77,63,76,42,76,44,56,84,68,83,54,78,77,35,60,37,77,78,80,77,14,11,11,8,9
Aaron,Anselmino,2005-04-29,186,83,2.3,Argentina,Chelsea,false,54,46,66,66,35,61,46,52,62,64,69,71,64,61,64,52,75,60,71,51,71,66,35,52,46,64,66,65,66,10,7,9,5,11
Wesley,Fofana,2000-12-17,185,84,24,France,Chelsea,false,42,38,75,73,38,71,46,44,70,72,73,80,65,76,60,48,78,67,81,38,81,81,38,57,46,73,81,82,81,14,12,9,14,6
Malo,Gusto,2003-05-19,178,67,31.5,France,Chelsea,true,81,40,55,77,52,80,77,48,70,78,87,88,76,77,77,62,76,87,68,47,76,75,76,47,76,75,73,77,75,10,6,14,8,11
Reece,James,1999-12-08,179,91,36.5,England,Chelsea,false,88,67,75,83,67,83,83,77,80,84,76,79,72,88,87,85,88,67,70,70,83,80,77,65,83,83,83,84,80,8,12,7,13,11
Josh,Acheampong,2006-05-05,184,75,1.3,England,Chelsea,false,57,44,61,66,44,61,59,46,59,62,75,79,73,67,65,57,78,67,75,55,70,63,57,61,46,67,63,65,63,5,15,13,9,10
Robert,Lynch Sánchez,1997-11-18,197,90,12.5,Spain,Chelsea,true,13,12,15,52,12,20,13,13,50,43,53,65,45,74,33,56,72,37,75,12,32,15,12,60,17,60,20,17,15,79,77,75,77,78
Filip,Jørgensen,2002-04-16,192,85,14,Denmark,Chelsea,false,10,11,12,45,10,18,12,11,47,40,45,55,56,73,40,56,63,35,62,10,25,13,10,50,11,55,17,13,13,77,76,75,77,78
Marcus,Bettinelli,1992-05-24,194,82,0.8,England,Chelsea,false,13,12,13,35,12,18,13,13,42,35,30,35,62,62,30,52,57,25,60,12,30,15,12,37,17,52,18,18,17,70,70,69,70,71
Lucas,Bergström,2002-09-05,205,82,1,Finland,Chelsea,false,10,10,13,30,10,15,12,12,32,20,27,34,56,54,30,45,56,25,65,10,25,12,10,30,13,35,13,12,12,65,60,60,62,65

Chris,Wood,1991-12-07,191,92,21,New Zealand,Nottingham Forest,true,52,84,86,77,79,72,70,65,60,79,55,52,49,84,33,85,86,70,87,73,77,40,85,71,83,80,40,30,25,14,16,16,7,16
Taiwo,Awoniyi,1997-08-12,183,84,6.5,Nigeria,Nottingham Forest,false,57,76,75,69,68,72,55,44,56,70,69,79,55,75,62,82,86,62,88,66,77,33,76,53,70,63,25,27,23,10,7,9,8,10
Morgan,Gibbs-White,2000-01-27,179,72,33.5,England,Nottingham Forest,true,78,77,60,82,70,83,77,72,83,84,77,75,83,81,82,77,74,80,68,75,70,60,79,84,75,82,60,60,57,7,7,14,15,11
Callum,Hudson-Odoi,2000-11-07,182,76,20,England,Nottingham Forest,true,75,75,52,75,60,82,80,70,70,80,85,79,83,75,80,75,71,73,62,75,53,47,74,74,60,77,50,53,45,14,13,11,15,5
Ramón,Sosa,1999-08-31,179,75,7.5,Paraguay,Nottingham Forest,false,67,69,41,72,44,79,63,40,68,74,81,82,77,70,68,70,64,74,61,62,66,51,73,72,44,64,42,59,40,6,8,9,14,6
Anthony,Elanga,2002-04-27,178,70,9,Sweden,Nottingham Forest,true,79,75,67,76,64,82,77,66,61,80,93,91,85,79,79,72,84,75,72,67,55,31,78,78,56,79,38,38,33,13,5,13,8,10
João Pedro,Ferreira Silva,1999-08-01,179,77,14.5,Portugal,Nottingham Forest,false,69,74,73,72,65,76,67,53,64,78,82,84,79,76,72,75,82,84,67,66,77,45,78,74,63,70,37,44,36,14,6,9,5,15
Eric,Emanuel da Silva Moreira,2006-05-03,184,82,0.9,Germany,Nottingham Forest,false,57,45,47,60,36,64,54,41,52,61,78,73,73,50,66,50,65,58,61,32,51,48,54,55,40,54,49,60,54,14,10,11,6,13
Elliot,Junior Anderson,2002-11-06,179,71,24.5,England,Nottingham Forest,true,77,66,76,81,63,81,78,57,78,82,76,73,79,78,84,74,87,82,76,64,77,74,73,79,65,80,72,78,74,6,12,5,10,7
Danilo,dos Santos de Oliveira,2001-04-29,176,69,10,Brazil,Nottingham Forest,false,52,64,60,77,44,69,66,56,74,76,69,68,77,77,76,68,68,84,60,60,77,78,65,70,55,72,73,75,69,10,6,8,6,11
Nicolás,Martín Domínguez,1998-06-28,179,73,15,Argentina,Nottingham Forest,true,60,63,68,80,52,74,69,52,77,77,72,67,82,75,80,72,74,89,67,67,86,78,66,73,51,70,67,80,77,6,11,9,10,5
Ibrahim,Sangaré,1997-12-02,191,77,11.5,Ivory Coast,Nottingham Forest,false,66,59,71,76,62,74,64,62,75,74,67,54,54,75,69,80,78,91,62,62,75,78,68,72,64,75,76,78,77,7,13,11,6,7
Ryan,Yates,1997-11-21,190,87,11,England,Nottingham Forest,false,60,60,74,75,50,67,66,49,70,72,50,64,55,77,54,70,77,82,60,60,85,76,67,67,55,71,75,76,78,10,8,6,6,11
Neco,Williams,2001-04-13,183,72,18,Wales,Nottingham Forest,true,77,45,66,74,36,74,67,55,69,74,72,75,73,77,73,60,80,64,47,47,75,76,66,68,45,73,77,78,80,10,11,7,14,15
Álex,Moreno Lopera,1993-06-08,179,68,7.5,Spain,Nottingham Forest,false,77,64,63,75,52,76,69,52,68,75,79,77,79,76,76,63,73,60,59,59,75,76,72,72,56,71,75,77,75,15,7,12,11,9
Harry,Toffolo,1995-08-19,183,71,2.1,England,Nottingham Forest,false,75,52,64,68,48,66,71,58,69,65,69,71,69,68,69,58,72,69,51,51,61,67,57,59,53,65,73,69,71,12,15,15,13,13
Murillo,Santiago Costa dos Santos,2002-07-04,180,75,36,Brazil,Nottingham Forest,true,53,33,75,74,35,68,57,56,75,72,83,78,65,81,63,72,85,70,90,60,80,81,40,62,52,79,81,81,82,14,9,14,12,13
Felipe,Rodrigues da Silva,2001-06-30,192,88,10,Brazil,Nottingham Forest,false,56,32,76,65,39,61,52,27,62,63,66,69,41,71,43,55,80,68,89,28,80,75,29,49,44,75,75,77,74,12,12,12,6,6
Nikola,Milenković,1997-10-12,195,90,28,Serbia,Nottingham Forest,true,66,38,83,70,35,60,43,29,67,70,63,53,42,81,33,60,88,77,87,54,85,80,25,55,34,78,82,83,79,8,7,13,7,14
Willy,Boly,1991-02-03,195,97,2.7,Ivory Coast,Nottingham Forest,false,50,32,77,68,24,57,46,35,66,64,34,34,33,74,34,54,78,53,90,23,75,75,45,61,57,79,76,76,74,7,8,15,10,9
Zach,MacFarlane Abbott,2006-05-13,180,70,0.6,England,Nottingham Forest,false,31,29,57,59,29,40,34,31,55,56,57,58,53,55,52,44,62,57,61,29,62,58,29,46,30,56,59,62,61,12,6,11,13,13
Ola,Aina,1996-10-08,184,82,20.5,Nigeria,Nottingham Forest,true,77,54,68,74,52,76,60,42,67,74,91,87,73,78,77,73,85,77,75,65,72,78,68,70,49,74,79,79,79,7,14,10,10,9
Matz,Sels,1992-02-26,188,75,13,Belgium,Nottingham Forest,true,16,16,14,48,19,19,17,17,53,33,37,35,36,79,34,59,64,26,67,18,29,17,18,58,22,62,14,15,14,81,78,79,83,81
Carlos Miguel,dos Santos Pereira,1998-10-09,204,96,3.3,Brazil,Nottingham Forest,false,13,6,15,27,8,6,11,10,17,18,18,16,22,71,20,52,60,19,72,11,24,9,8,27,13,29,6,13,11,71,74,69,73,71
Wayne,Hennessey,1987-01-24,198,90,0.3,Wales,Nottingham Forest,false,11,12,14,29,10,8,12,11,41,23,35,38,46,66,51,53,61,29,67,10,21,22,14,58,17,55,13,18,13,70,72,71,73,69

Jean-Philippe,Mateta,1997-06-28,192,88,24.5,France,Crystal Palace,true,53,84,76,77,74,78,67,48,58,78,69,83,53,76,48,83,87,68,89,72,81,41,82,70,78,80,35,34,26,8,8,7,13,11
Eddie,Nketiah,1999-05-30,180,73,5.5,England,Crystal Palace,false,43,75,70,73,71,77,54,44,49,74,83,79,79,74,75,75,79,66,63,69,58,20,76,60,71,70,24,19,15,12,10,11,9,5
Zach,Marsh,2005-10-06,176,74,0.4,England,Crystal Palace,false,50,56,51,55,51,54,56,44,48,52,63,61,63,53,69,63,57,52,56,50,41,18,58,45,57,58,20,22,19,6,9,13,10,12
Ismaïla,Sarr,1998-02-25,185,70,11.5,Senegal,Crystal Palace,true,73,78,44,76,74,78,78,60,65,77,89,93,77,75,74,83,72,72,72,75,57,24,77,75,63,76,25,29,21,14,13,7,6,9
Justin,Devenny,2003-10-11,184,80,3.1,Ireland,Crystal Palace,false,70,64,54,71,56,69,72,69,70,70,64,74,67,68,66,70,64,64,67,64,72,60,65,70,55,68,52,62,62,11,10,14,8,14
Eberechi,Eze,1998-06-29,178,67,32,England,Crystal Palace,true,70,78,49,80,78,85,79,77,75,82,79,77,87,79,85,81,69,76,69,80,58,52,79,80,76,83,40,58,42,10,12,9,14,10
Daichi,Kamada,1996-08-05,184,72,11,Japan,Crystal Palace,false,73,74,53,78,66,76,78,74,77,77,77,72,78,81,78,65,66,75,55,73,66,54,79,78,72,78,53,57,54,6,10,11,6,11
Matheus,França de Oliveira,2004-04-01,184,67,3.4,Brazil,Crystal Palace,false,71,72,55,66,68,76,60,54,61,75,80,83,84,72,63,69,74,63,69,70,55,30,59,59,66,66,40,30,35,13,15,12,8,14
Tyrick,Mitchell,1999-09-01,175,66,17,England,Crystal Palace,true,78,41,56,67,30,72,76,37,62,75,75,77,76,74,76,42,69,85,61,34,73,78,71,45,69,69,78,79,77,9,12,14,8,14
Franco,Umeh Chibueze,2005-01-26,178,72,1,Ireland,Crystal Palace,false,57,59,56,58,42,62,55,44,46,58,83,88,76,71,55,70,79,61,71,55,76,56,52,52,60,60,48,57,55,12,13,10,13,10
Jefferson,Lerma,1994-10-25,179,70,9,Colombia,Crystal Palace,true,64,65,76,74,70,74,67,62,75,75,68,75,69,75,78,83,90,83,76,75,89,78,63,58,72,72,76,76,76,16,14,11,7,9
Will,Hughes,1995-04-17,185,74,6.5,England,Crystal Palace,false,71,63,58,78,59,74,69,66,76,77,54,46,67,63,77,64,60,69,58,61,84,77,77,66,76,76,69,75,76,7,15,12,9,12
Adam,Wharton,2004-02-06,182,70,32.5,England,Crystal Palace,true,77,60,62,82,51,76,76,67,81,80,60,64,72,78,80,67,68,69,67,63,76,77,64,83,53,80,74,78,76,5,11,13,6,12
Kaden,Rodney,2004-10-07,186,77,0.4,England,Crystal Palace,false,53,42,51,57,39,54,58,39,55,53,59,61,58,57,56,56,52,50,52,39,53,60,50,50,40,55,57,61,60,5,11,9,6,11
Cheick,Doucouré,2000-01-08,180,73,17.5,Mali,Crystal Palace,false,54,56,58,78,48,75,59,47,77,77,59,64,66,74,70,59,70,69,76,56,82,79,67,74,52,78,74,78,80,10,14,12,12,15
Daniel,Muñoz,1996-05-26,181,73,19,Colombia,Crystal Palace,true,75,72,78,77,72,76,66,34,72,76,82,85,78,78,78,76,88,88,75,52,88,76,75,69,58,75,73,79,77,7,14,12,7,6
Caleb,Kporha,2006-07-15,170,67,0.9,England,Crystal Palace,false,59,52,54,60,39,61,56,43,58,61,76,74,68,58,83,62,68,55,60,48,69,58,49,54,46,57,55,58,56,6,11,15,11,6
Romain,Esse,2005-05-13,178,65,3.8,England,Crystal Palace,false,65,65,48,66,57,73,64,57,57,71,79,73,72,67,79,64,64,69,57,57,55,56,67,66,52,68,55,52,44,10,14,5,13,9
Malcolm,Ebiowei,2003-09-04,185,80,1.3,England,Crystal Palace,false,64,61,44,60,55,69,67,64,54,66,73,72,77,55,67,65,49,45,61,50,34,32,59,55,57,60,38,41,36,14,11,13,6,9
Marc,Guéhi,2000-07-13,182,82,31.5,England,Crystal Palace,true,58,42,79,80,32,72,67,32,78,76,71,77,69,82,65,49,87,73,81,26,77,81,35,66,38,76,83,83,82,8,9,11,12,12
Ben,Chilwell,1996-12-21,180,77,13.5,England,Crystal Palace,false,81,57,63,79,70,77,77,67,77,78,72,78,70,74,70,72,73,68,50,50,72,75,77,73,55,75,75,77,76,10,7,14,7,10
Maxence,Lacroix,2000-04-06,190,88,24,France,Crystal Palace,true,35,29,75,71,28,66,45,26,72,69,82,92,64,79,56,79,84,85,37,37,80,78,32,53,38,75,78,79,79,14,7,12,12,11
Nathaniel,Clyne,1991-04-05,175,67,1.6,England,Crystal Palace,false,73,54,68,69,45,72,64,49,66,73,68,69,65,72,68,73,77,60,67,67,71,74,66,62,46,73,71,73,74,10,11,13,15,7
Joel,Ward,1989-10-29,188,83,0.9,England,Crystal Palace,false,74,46,74,72,33,64,50,34,69,69,50,52,61,72,53,64,73,58,71,57,74,77,64,66,40,71,78,76,76,8,7,7,10,11
Chadi,Riad Dnanou,2003-06-17,190,78,4.9,Morocco,Crystal Palace,false,42,27,73,75,34,57,65,28,65,68,57,68,68,67,65,42,78,59,78,32,74,68,28,41,46,54,69,75,73,10,12,9,8,10
Chris,Richards,2000-03-28,188,87,9,United States,Crystal Palace,true,47,23,75,71,26,57,45,24,67,64,64,75,61,75,58,36,81,71,78,22,74,77,38,55,37,63,75,77,80,13,5,13,7,6
Dean,Henderson,1997-03-12,188,85,18,England,Crystal Palace,true,14,9,13,45,5,13,13,10,48,35,55,56,61,76,56,56,69,32,64,6,35,11,8,55,16,60,15,14,14,82,76,75,78,82
Matt,Turner,1994-06-24,191,79,2.8,United States,Crystal Palace,false,13,15,14,24,16,16,13,14,29,24,38,42,48,71,42,50,62,35,64,18,25,27,15,55,14,59,11,11,11,74,72,67,73,74
Remi,Matthews,1994-02-10,192,78,0.4,England,Crystal Palace,false,11,15,15,35,16,22,14,19,39,27,44,47,49,55,39,47,62,29,66,20,24,15,7,39,22,34,12,15,17,64,63,62,62,63

Danny,Welbeck,1990-11-26,185,73,11,England,Brighton,true,69,80,78,75,74,79,62,70,64,81,65,71,67,80,64,81,76,69,70,76,75,39,82,75,77,79,45,39,33,9,10,6,12,16
João,Pedro Junqueira de Jesus,2001-09-26,182,70,17,Brazil,Brighton,false,63,78,76,74,73,83,67,47,62,73,78,76,80,77,83,80,78,78,71,73,67,20,76,67,85,77,20,27,23,7,6,10,8,14
Matt,O'Riley,2000-11-21,188,77,35,Denmark,Brighton,true,74,77,66,82,74,76,78,74,79,78,68,69,74,79,82,81,76,85,77,76,71,67,80,83,72,81,66,70,65,14,12,5,13,6
Brajan,Gruda,2004-05-31,178,70,10,Germany,Brighton,false,69,65,51,71,72,84,75,59,61,72,83,74,85,77,83,70,62,72,72,65,62,31,73,72,62,62,30,21,26,12,10,8,6,10
Harry,Howell,2008-04-20,180,78,1.1,England,Brighton,false,59,61,42,61,51,64,56,54,59,64,71,69,74,64,76,48,49,56,56,64,61,29,61,66,61,61,31,26,31,12,9,8,14,10
Kaoru,Mitoma,1997-05-20,178,74,32.5,Japan,Brighton,true,77,79,52,80,69,87,76,62,65,88,89,87,89,77,79,69,72,75,60,68,58,57,78,81,63,80,58,59,54,10,13,10,14,9
Georginio,Rutter,2002-04-20,182,77,12.5,France,Brighton,false,65,67,69,75,68,80,60,45,70,78,77,80,77,74,81,75,83,74,80,69,35,18,74,76,64,73,45,45,45,6,10,14,10,10
Yankuba,Minteh,2004-07-22,180,65,16,Gambia,Brighton,true,73,75,40,69,53,81,66,38,57,79,94,95,92,73,83,67,59,70,45,54,63,54,76,69,57,70,58,60,49,9,8,7,11,8
Simon,Adingra,2002-01-01,175,68,15,Ivory Coast,Brighton,false,70,72,32,73,68,80,65,53,65,77,90,87,88,72,85,73,56,70,45,67,47,27,70,73,60,79,30,32,30,8,13,6,14,10
Solly,March,1994-07-20,180,77,10.5,England,Brighton,false,80,71,48,78,56,80,77,67,70,78,76,74,74,75,75,74,63,70,55,73,58,69,76,77,55,79,70,68,65,9,11,7,13,15
Diego,Gómez,2003-03-27,185,83,3.6,Paraguay,Brighton,true,55,63,49,73,53,73,51,40,72,73,75,75,71,70,62,65,70,64,65,65,75,55,67,72,63,74,64,68,63,6,6,8,6,9
Carlos,Baleba,2004-01-03,183,77,32.5,Cameroon,Brighton,true,62,58,66,80,66,82,72,49,80,79,75,78,74,76,76,86,80,79,80,72,75,82,66,75,50,81,71,80,77,11,6,8,14,13
Mats,Wieffer,1999-11-16,188,78,29,Netherlands,Brighton,false,68,62,76,79,68,73,69,52,80,78,67,73,76,65,76,75,84,77,79,69,86,63,74,55,80,78,73,78,72,7,12,14,12,7
Yasin,Ayari,2003-10-06,172,69,5,Sweden,Brighton,false,64,58,42,75,46,73,74,47,74,73,69,72,78,72,85,67,51,68,51,70,72,68,69,74,49,74,66,69,59,9,11,7,7,15
Pervis,Estupiñán,1998-01-21,175,79,19,Ecuador,Brighton,true,79,48,70,79,38,80,73,65,72,81,78,78,74,77,73,67,80,81,73,65,70,77,70,72,75,72,72,78,76,14,7,14,7,7
Ferdi,Kadıoğlu,1999-10-07,174,73,36.5,Turkey,Brighton,false,72,63,62,79,64,86,74,64,71,83,90,87,90,78,88,69,75,91,73,69,64,73,75,81,52,78,77,77,78,10,13,11,11,5
Lewis,Dunk,1991-11-21,192,88,11.5,England,Brighton,true,41,42,81,80,42,65,60,69,75,71,33,47,34,79,38,72,77,70,84,67,83,79,30,40,81,79,80,78,77,15,16,9,12,6
Igor,Julio dos Santos de Paulo,1998-02-07,185,84,11.5,Brazil,Brighton,false,32,30,70,72,30,50,33,30,65,65,60,72,61,70,48,55,80,77,90,35,88,77,45,30,70,70,75,77,77,7,11,9,15,14
Eiran,Cashin,2001-11-09,184,86,4.4,Ireland,Brighton,false,50,38,73,68,34,59,46,44,59,59,60,57,56,68,68,62,82,71,85,40,89,69,56,34,70,70,73,72,72,8,9,7,11,10
Jan Paul,van Hecke,2000-06-08,189,79,18,Netherlands,Brighton,true,47,33,76,28,28,68,68,64,77,70,66,72,54,77,60,72,83,68,79,50,81,76,34,56,73,73,79,77,77,11,9,8,7,5
Adam,Webster,1995-01-04,191,75,4.7,England,Brighton,false,50,30,77,74,27,68,27,25,71,71,52,55,50,75,57,37,80,64,79,32,75,75,26,55,24,78,76,76,75,10,8,14,7,12
Jack,Hinshelwood,2005-04-11,181,74,3.1,England,Brighton,true,68,65,71,55,55,68,67,67,72,73,67,70,68,72,72,65,78,65,60,60,67,66,65,71,65,71,64,68,66,9,8,13,5,6
Joël,Veltman,1992-01-15,184,75,9.5,Netherlands,Brighton,false,73,50,74,77,38,68,51,34,74,74,64,62,78,66,65,60,80,73,77,41,83,80,55,55,42,83,83,77,75,7,10,6,9,11
Tariq,Lamptey,2000-09-30,163,62,8,Ghana,Brighton,false,76,47,72,32,32,77,60,35,71,71,90,81,90,73,95,48,60,61,34,36,75,71,55,59,40,73,70,75,75,15,13,12,5,13
James,Milner,1986-01-04,175,70,1.3,England,Brighton,false,79,62,76,76,76,73,80,75,76,76,45,48,60,72,77,82,64,73,68,70,83,77,71,74,87,80,72,75,73,12,9,10,8,6
Bart,Verbruggen,2002-08-18,193,89,18.5,Netherlands,Brighton,true,10,8,15,40,6,15,11,15,35,23,57,55,52,76,45,57,73,30,72,7,17,19,4,43,21,35,12,17,14,79,76,76,75,81
Carl,Rushworth,2001-07-02,190,86,4.6,England,Brighton,false,13,6,14,45,7,24,13,22,45,30,56,54,55,65,52,53,64,29,58,9,20,15,7,53,10,45,16,14,12,72,70,71,71,73
Jason,Steele,1990-08-18,188,79,1.8,England,Brighton,false,11,15,28,60,12,15,19,15,55,40,41,36,36,65,44,60,63,29,55,12,39,11,8,45,24,70,10,18,14,75,73,80,75,74
Tom,McGill,2000-03-25,185,80,0.5,Canada,Brighton,false,14,5,10,16,8,12,13,10,21,19,29,26,33,49,52,47,44,27,48,9,27,14,7,32,10,42,12,12,12,60,63,60,62,62
Killian,Cahill,2003-11-03,192,82,0.35,Ireland,Brighton,false,13,9,11,27,8,9,13,11,30,18,25,23,27,44,44,43,42,30,48,6,24,11,5,32,11,26,11,12,12,58,57,56,55,58

Mohammed,Kudus,2000-08-02,177,70,30,Ghana,West Ham United,true,70,76,55,76,76,88,67,49,68,83,92,88,86,77,92,81,75,73,76,74,68,59,77,75,64,80,60,66,46,6,12,7,7,10
Jarrod,Bowen,1996-12-20,175,70,32.5,England,West Ham United,true,79,84,82,73,78,81,75,70,68,82,79,76,79,83,81,80,85,83,66,78,62,37,82,77,72,80,49,41,37,14,8,14,10,7
Danny,Ings,1992-07-23,178,73,2.6,England,West Ham United,false,66,76,73,74,72,72,71,69,62,74,54,54,66,76,68,78,71,47,65,74,67,46,76,70,79,76,38,45,34,10,13,12,16,6
Niclas,Füllkrug,1993-02-09,188,83,15,Germany,West Ham United,false,65,81,87,80,78,74,72,68,59,78,56,60,59,80,64,86,87,60,86,78,82,24,82,76,88,80,41,46,30,15,9,10,13,9
Evan,Ferguson,2004-10-19,188,78,6.5,Ireland,West Ham United,false,50,75,71,71,70,71,63,53,50,76,69,73,66,72,66,75,80,66,75,78,65,13,73,63,67,72,18,13,13,9,8,14,12,11
Michail,Antonio,1990-03-28,180,82,5,Jamaica,West Ham United,false,74,75,82,70,74,75,66,60,72,75,74,79,65,79,74,78,93,70,86,68,84,45,77,73,75,72,48,56,53,12,13,8,14,10
Emerson,Palmieri dos Santos,1994-08-03,176,79,12.5,Italy,West Ham United,true,78,52,60,77,51,79,81,80,73,80,78,79,72,75,75,80,71,76,59,75,67,76,70,67,55,77,74,75,75,8,15,8,7,14
Oliver,Scarles,2005-12-12,180,75,1.9,England,West Ham United,false,65,42,59,36,61,64,59,61,57,62,74,73,72,74,63,60,70,66,61,48,53,62,55,56,48,61,62,65,63,14,6,7,13,6
Crysencio,Summerville,2001-10-30,169,64,17,Netherlands,West Ham United,false,69,76,41,72,54,80,68,65,47,76,93,90,88,83,71,71,65,74,57,66,47,18,72,71,69,72,44,38,26,9,9,15,11,10
Lucas,Tolentino Coelho de Lima,1997-08-27,180,72,19,Brazil,West Ham United,true,74,78,68,80,74,86,77,74,78,85,71,73,75,76,78,77,79,78,77,77,78,71,80,75,88,80,67,72,63,14,9,12,11,11
Andy,Irving,2000-05-13,190,78,2.8,Scotland,West Ham United,false,68,71,62,73,64,72,66,71,70,73,60,55,67,70,62,72,75,78,70,70,67,64,74,73,67,76,63,63,61,10,15,12,10,13
Tomáš,Souček,1995-02-27,192,86,15,Czech Republic,West Ham United,true,68,72,84,75,79,71,63,53,75,75,49,51,34,78,48,73,82,83,70,70,79,81,71,70,73,73,79,82,77,11,13,5,6,8
Carlos,Soler Barragán,1997-01-02,180,76,12,Spain,West Ham United,false,77,75,56,80,66,78,76,77,79,80,76,74,75,73,73,77,73,78,74,74,65,72,79,74,76,76,67,73,68,6,14,7,13,11
Aaron,Wan-Bissaka,1997-11-26,183,72,22.5,England,West Ham United,true,72,46,57,75,43,79,74,45,74,74,79,85,79,70,79,70,75,71,44,68,73,81,68,44,78,78,80,88,78,9,8,6,8,8
Luis,Guilherme Lira dos Santos,2006-02-09,175,71,4.4,Brazil,West Ham United,false,68,64,55,62,64,77,69,51,62,75,76,78,74,64,74,66,72,55,53,53,38,19,64,60,70,70,33,38,32,9,7,14,15,11
James,Ward-Prowse,1994-11-01,173,66,13.5,England,West Ham United,true,90,72,59,83,52,72,92,94,82,79,47,42,68,78,74,81,58,90,59,75,75,65,69,81,79,78,64,71,63,12,12,10,15,15
Guido,Rodríguez,1994-04-12,185,80,12,Argentina,West Ham United,false,59,43,74,77,47,72,55,62,75,75,51,47,77,45,77,80,76,70,80,69,84,76,68,73,53,71,77,79,78,12,11,14,16,6
Edson,Álvarez,1997-10-24,187,73,15,Mexico,West Ham United,false,64,57,82,78,63,72,42,40,76,76,66,66,77,68,60,74,81,72,84,40,86,79,56,69,65,76,76,79,77,7,11,10,7,6
Lewis,Orford,2006-02-18,182,70,0.6,England,West Ham United,false,50,39,45,64,38,55,50,47,61,58,60,62,55,63,55,50,53,64,59,42,57,50,49,60,45,63,47,55,51,13,15,6,9,10
Maximilian,Kilman,1997-05-23,194,89,11,England,West Ham United,true,54,36,68,75,36,65,45,39,76,70,53,67,50,78,78,51,75,68,85,43,73,77,46,65,48,72,78,79,78,11,11,5,9,12
Konstantinos,Mavropanos,1997-12-11,194,89,11.5,Greece,West Ham United,true,45,50,81,62,30,60,32,39,74,60,67,80,52,75,34,77,83,65,91,64,80,80,40,44,42,63,75,81,76,12,11,11,10,7
Aaron,Cresswell,1989-12-15,175,66,1,England,West Ham United,false,79,53,68,75,48,72,78,74,67,74,64,54,63,75,75,70,77,55,63,66,72,74,60,68,59,71,75,76,75,14,7,9,9,12
Kaelan,Casey,2004-10-28,185,70,0.4,England,West Ham United,false,37,24,59,44,32,32,34,31,36,46,55,58,49,51,50,42,63,52,65,27,55,58,24,38,46,48,58,59,56,11,10,9,13,15
Jean-Clair,Todibo,1999-12-30,190,88,21.5,France,West Ham United,true,49,44,80,77,35,69,52,41,72,72,74,87,54,77,55,60,89,54,82,45,73,78,45,58,52,78,79,80,79,7,13,11,8,13
Vladimír,Coufal,1992-08-22,175,76,4.1,Czech Republic,West Ham United,false,78,50,70,74,61,72,74,42,74,72,68,63,64,76,76,66,76,73,75,59,86,76,68,68,49,72,77,79,77,13,12,12,6,13
Alphonse,Areola,1993-02-27,195,94,3.6,France,West Ham United,true,20,19,14,48,16,15,16,16,55,22,56,54,58,75,58,56,75,38,79,14,26,23,17,59,25,64,13,18,12,78,76,74,77,79
Łukasz,Fabiański,1985-04-18,190,83,0.4,Poland,West Ham United,false,14,13,11,32,17,14,18,12,50,22,50,47,53,73,44,51,66,25,65,20,16,15,15,57,22,63,14,12,13,77,78,68,77,76
Wes,Foderingham,1991-01-14,185,75,0.7,England,West Ham United,false,21,13,20,49,13,12,20,14,46,28,46,40,62,67,42,54,69,34,71,15,30,19,12,60,14,53,12,20,11,74,71,72,72,75

Norberto,Gomes Betuncal,1998-01-31,194,88,11.5,Guinea-Bissau,Everton,true,40,78,77,68,74,73,62,51,58,70,73,75,52,73,40,84,92,70,91,69,72,18,76,59,71,72,17,20,21,15,11,9,6,13
Youssef,Chermiti,2004-05-24,192,81,6.5,Portugal,Everton,false,39,72,74,69,65,70,54,40,58,71,66,67,67,72,52,71,74,61,79,57,61,33,72,50,67,69,29,25,25,7,8,15,6,7
Armando,Broja,2001-09-10,191,83,6,Albania,Everton,false,43,75,70,65,65,75,52,40,43,73,61,84,64,70,63,80,78,64,81,63,65,20,75,57,73,70,20,35,20,9,7,15,8,9
Dominic,Calvert-Lewin,1997-03-16,189,80,6,England,Everton,false,65,74,84,70,65,71,64,54,47,76,68,78,66,74,64,79,90,62,82,60,76,35,77,64,80,75,38,31,23,12,12,8,7,11
Abdoulaye,Doucouré,1993-01-01,184,76,4.5,Mali,Everton,true,66,75,74,76,78,76,64,54,72,74,61,50,61,78,63,84,82,84,82,77,80,77,78,75,54,78,74,76,74,15,12,12,15,14
Carlos,Alcaraz,2002-11-30,176,70,8.5,Argentina,Everton,false,59,74,65,79,55,83,70,72,77,75,87,75,83,68,81,75,76,69,57,69,78,43,72,72,66,69,45,47,43,12,9,14,6,7
Iliman,Ndiaye,2000-03-06,180,70,24,Senegal,Everton,true,70,78,59,75,71,86,68,55,58,83,83,85,84,79,77,76,75,71,65,70,47,49,78,74,75,82,44,28,26,7,9,7,15,8
Dwight,McNeil,1999-11-22,183,70,19,England,Everton,false,82,72,59,78,57,80,81,74,75,79,69,67,75,76,72,83,68,84,64,78,57,46,74,78,62,76,57,60,51,6,14,14,12,14
Jack,Harrison,1996-11-20,175,70,6,England,Everton,true,77,67,45,73,62,76,78,56,57,75,78,77,81,73,80,76,66,76,64,70,65,44,73,75,64,73,60,43,44,11,8,10,6,11
Jesper,Lindstrom,2000-02-29,182,63,7.5,Denmark,Everton,false,62,71,44,70,58,80,62,66,67,81,84,80,79,70,82,75,60,68,51,69,72,40,72,75,52,72,46,44,39,11,12,14,13,8
Idrissa,Gueye,1989-09-26,174,66,3.6,Senegal,Everton,true,60,54,69,75,33,68,60,66,69,73,66,55,77,78,76,77,68,77,58,65,82,84,51,61,55,72,79,82,77,8,6,8,12,13
James,Garner,2001-03-13,182,80,8,England,Everton,true,75,60,59,80,53,69,75,73,79,76,66,66,71,72,57,74,68,74,67,70,74,72,63,76,66,79,71,74,70,10,7,7,5,12
Tim,Iroegbunam,2003-06-30,183,70,4,England,Everton,false,56,57,57,73,49,69,58,41,71,71,66,65,64,70,64,68,70,71,72,53,70,69,58,68,56,69,70,65,70,13,12,6,12,6
Orel,Mangala,1998-03-18,178,80,11.5,Belgium,Everton,false,61,51,51,79,50,83,65,50,75,82,75,64,77,78,84,66,72,78,74,68,78,73,64,76,76,76,73,72,76,7,6,7,7,10
Vitaliy,Mykolenko,1999-05-29,180,71,13,Ukraine,Everton,true,74,44,65,74,64,54,59,32,60,65,73,77,70,73,68,63,74,72,69,53,64,75,52,52,35,59,77,80,78,9,8,14,9,14
Jarrad,Branthwaite,2002-06-27,195,74,33,England,Everton,true,34,35,78,77,34,55,29,24,67,69,64,77,34,79,43,52,83,72,78,29,79,78,34,35,33,74,80,80,79,10,9,11,12,10
Jake,O'Brien,2001-05-15,197,84,10,Ireland,Everton,true,62,38,80,71,39,59,58,50,63,66,67,85,44,74,41,72,88,65,85,52,77,74,56,59,44,64,73,76,73,12,11,11,9,12
Michael,Keane,1993-01-11,191,82,2.9,England,Everton,false,57,50,76,69,40,57,53,33,69,63,40,42,50,72,50,58,78,49,84,46,77,73,29,60,48,69,73,74,73,16,7,8,14,11
Reece,Welch,2003-09-19,197,88,0.4,England,Everton,false,20,17,60,44,23,22,24,21,30,45,42,48,37,44,41,39,65,52,74,22,60,52,25,25,36,46,56,61,57,10,6,10,7,15
James,Tarkowski,1992-11-19,188,81,14.5,England,Everton,false,59,40,82,66,40,55,54,53,73,64,41,49,52,79,53,63,80,68,86,38,89,78,43,62,52,75,81,83,82,14,8,12,9,7
Nathan,Patterson,2001-10-16,183,80,2.8,Scotland,Everton,true,61,41,62,64,41,70,58,54,63,69,71,78,73,66,75,62,73,71,68,41,74,64,55,54,35,58,69,74,72,7,13,9,7,8
Ashley,Young,1985-07-09,175,65,1,England,Everton,false,77,60,72,77,74,73,82,75,70,76,66,55,68,74,75,71,75,67,66,64,83,74,72,73,60,75,70,73,72,16,10,15,16,15
Seamus,Coleman,1988-10-11,177,77,1,Ireland,Everton,false,73,61,65,73,64,72,65,53,68,71,55,52,62,73,66,74,67,62,68,66,78,74,69,70,55,75,74,78,77,5,15,10,13,7
Roman,Dixon,2004-12-26,170,68,0.9,England,Everton,false,58,28,57,52,28,63,34,39,43,59,75,79,70,54,74,33,60,58,48,37,56,57,54,46,49,50,59,62,60,14,6,14,14,14
Jordan,Pickford,1994-03-07,185,77,24,England,Everton,true,17,19,18,59,20,15,18,16,61,42,57,47,57,81,55,66,75,42,72,13,45,24,18,69,48,65,21,20,12,83,78,88,81,86
Joao,Virginia,1999-10-10,192,84,2,Portugal,Everton,false,14,8,10,32,9,9,11,13,29,15,54,50,30,60,33,50,62,16,57,9,29,10,10,41,12,46,12,10,11,73,72,66,67,73
Asmir,Begovic,1987-06-20,199,101,0.3,Bosnia and Herzegovina,Everton,false,14,19,12,26,12,16,17,15,32,24,30,32,34,68,40,49,65,36,78,12,42,21,11,34,40,58,18,11,12,72,70,65,73,68

Raul,Jimenez,1991-05-05,190,81,6.5,Mexico,Fulham FC,true,70,79,78,77,75,75,76,72,73,78,61,54,67,79,59,82,85,67,85,72,79,52,80,74,89,76,43,38,30,7,11,13,14,10
Rodrigo,Muniz Carvalho,2001-05-04,185,80,9.0,Brazil,Fulham FC,false,47,76,77,68,86,70,60,41,53,72,70,75,74,75,71,79,85,69,79,64,79,38,77,65,65,71,36,42,31,12,13,13,11,12
Carlos,Vinicius Alves Morais,1995-03-22,190,85,2.3,Brazil,Fulham FC,false,51,73,70,70,72,70,65,48,47,71,63,75,66,74,44,82,79,69,82,68,82,41,76,65,71,77,44,33,25,15,13,13,7,6
Andreas,Hugo Hoelgebaum Pereira,1996-01-01,178,66,10.5,Brazil,Fulham FC,true,81,74,56,79,73,79,85,81,76,77,75,73,77,77,75,84,69,77,60,79,81,69,77,80,75,72,67,67,63,15,14,7,10,7
Emile,Smith Rowe,2000-07-28,182,73,15.0,England,Fulham FC,false,75,74,46,80,60,82,74,58,72,79,78,76,79,77,78,72,61,68,61,71,52,47,78,78,64,78,52,57,40,11,8,14,8,10
Alex,Iwobi,1996-05-03,180,75,21.0,Nigeria,Fulham FC,true,78,74,45,79,80,84,81,56,74,80,78,75,75,77,77,75,72,90,77,65,59,59,75,76,64,73,52,64,50,14,7,12,14,11
Willian,Borges da Silva,1988-08-09,175,77,1.7,Brazil,Fulham FC,false,74,73,31,76,59,81,81,78,68,80,68,64,80,74,78,79,52,56,56,76,45,55,78,75,77,82,43,55,50,14,12,13,7,13
Ryan,Sessegnon,2000-05-18,178,70,6,England,Fulham FC,true,75,68,56,74,60,76,74,31,65,77,79,78,79,72,75,67,71,68,62,55,67,71,74,74,74,60,75,73,69,6,11,7,8,7
Adama,Traore Diarra,1996-01-25,178,86,7.5,Spain,Fulham FC,false,75,61,40,70,60,86,73,42,52,77,95,94,78,73,87,84,80,70,90,62,76,38,67,69,47,66,33,40,34,13,9,11,12,7
Harry,Wilson,1997-03-22,173,70,8,Wales,Fulham FC,false,77,75,46,75,75,75,84,82,70,77,77,75,78,74,84,83,63,71,56,81,45,40,75,75,77,76,45,45,40,7,13,9,15,7
Martial,Godo,2003-03-14,169,61,1.3,England,Fulham FC,false,60,60,46,60,60,66,58,47,48,64,80,70,75,55,78,60,56,60,47,55,53,35,60,62,52,62,40,28,30,5,7,11,12,14
Reiss,Nelson,1999-12-10,175,70,7.5,England,Fulham FC,false,72,70,39,73,59,79,66,67,63,78,85,84,82,72,80,69,60,64,53,59,42,42,70,72,61,60,31,37,37,12,12,11,11,15
Sasa,Lukic,1996-08-13,183,77,13,Serbia,Fulham FC,true,77,65,62,78,68,74,78,70,75,79,63,58,69,72,68,75,72,84,75,70,81,80,68,74,70,75,75,78,75,9,11,13,9,6
Tom,Cairney,1991-01-20,185,84,2.6,Scotland,Fulham FC,false,76,69,58,77,72,76,72,76,77,73,53,51,68,76,67,73,63,68,72,61,67,58,64,74,76,65,78,67,64,14,12,7,6,7
Sander,Berge,1998-02-18,195,96,18.5,Norway,Fulham FC,true,66,63,74,80,51,75,72,51,78,79,51,60,47,77,33,78,80,81,91,62,76,76,76,70,75,54,81,76,76,14,9,10,8,10
Harrison,Reed,1995-01-27,176,74,2.6,England,Fulham FC,false,72,59,53,73,40,67,65,61,71,71,64,52,71,73,76,67,64,68,63,68,67,82,74,65,69,49,70,72,74,7,12,14,10,11
Josh,King,2007-01-03,173,66,2.1,England,Fulham FC,false,55,57,43,68,51,66,59,49,67,68,70,67,72,65,74,62,51,66,54,64,54,60,59,62,67,52,65,54,61,7,9,11,12,8
Antonee,Robinson,1997-08-08,183,70,33,United States,Fulham FC,true,81,44,63,76,45,80,80,39,73,77,87,89,79,80,71,46,81,90,73,43,83,83,76,76,78,45,73,78,81,12,9,15,14,9
Calvin,Bassey,1999-12-31,185,88,17,Nigeria,Fulham FC,true,68,36,74,67,49,69,63,37,60,66,76,86,67,72,70,65,82,89,88,36,85,76,76,57,55,44,70,79,78,9,7,5,8,7
Jorge,Cuenca Barreno,1999-11-17,190,75,6,Spain,Fulham FC,false,45,27,76,74,31,34,29,26,67,70,59,61,63,77,67,64,41,75,59,76,31,60,44,62,74,76,75,75,76,10,12,5,14,12
Joachim,Andersen,1996-05-31,192,90,15,Denmark,Fulham FC,true,54,51,78,80,55,67,67,56,87,70,42,46,47,79,75,87,58,73,72,80,45,69,44,78,79,78,78,78,79,13,7,9,15,14
Issa,Diop,1997-01-09,194,92,7.5,France,Fulham FC,false,37,30,77,68,48,52,32,34,63,59,49,64,52,75,67,87,31,82,78,77,42,43,44,65,77,76,75,75,76,10,7,6,14,9
Kenny,Tete,1995-10-09,180,71,12.5,Netherlands,Fulham FC,true,76,42,73,72,36,68,61,41,68,70,79,75,74,76,79,79,41,86,64,79,61,58,46,66,75,79,78,78,75,9,15,11,6,10
Timothy,Castagne,1995-12-05,185,80,7,Belgium,Fulham FC,false,76,56,70,74,40,74,58,33,70,76,69,74,68,75,78,66,52,73,65,73,75,70,47,68,73,74,72,72,73,14,9,15,10,15
Bernd,Leno,1992-03-04,189,83,13,Germany,Fulham FC,true,9,13,50,10,10,16,9,8,48,35,54,51,51,75,44,70,14,70,57,70,7,53,23,63,27,15,18,18,15,82,79,76,81,83
Steven,Benda,1998-10-01,192,90,1.0,Germany,Fulham FC,false,8,12,26,9,9,13,8,11,21,19,36,38,30,58,30,53,12,52,46,53,4,26,12,26,6,9,11,11,9,67,65,61,66,70

