Lautaro,Martínez,1997-08-22,174,72,101.5,Argentina,Inter Milan,true,68,93,86,78,92,81,80,65,72,84,83,79,88,92,92,87,93,83,85,80,87,48,92,79,74,88,45,51,44,11,8,8,8,13
Valentín,Carboni,2005-03-05,185,78,5.5,Argentina,Inter Milan,false,68,70,67,71,76,75,73,72,75,75,60,62,63,68,75,73,56,42,67,67,60,33,70,72,65,70,47,50,37,13,8,11,13,7
Marcus,Thuram,1997-08-06,192,80,50.5,France,Inter Milan,true,76,84,83,80,81,85,73,58,70,81,84,88,78,83,66,83,93,83,84,79,75,50,86,78,70,78,44,49,42,11,13,14,9,15
Marko,Arnautović,1989-04-19,192,83,7.5,Austria,Inter Milan,false,77,79,81,77,77,78,78,72,74,84,67,69,73,78,78,80,86,71,82,80,77,38,78,77,80,80,35,42,39,14,15,10,10,15
Joaquín,Correa,1994-08-13,189,78,4.2,Argentina,Inter Milan,false,74,69,76,75,75,79,81,63,68,80,65,83,70,67,83,79,70,66,69,69,48,36,76,73,57,75,39,37,26,11,10,7,8,8
Mehdi,Taremi,1992-07-18,185,83,15,Iran,Inter Milan,false,70,84,75,81,75,81,74,49,67,84,79,77,74,82,65,75,80,80,72,72,46,23,84,81,85,84,38,41,25,9,11,9,15,8
Henrikh,Mkhitaryan,1989-01-21,177,75,14.5,Armenia,Inter Milan,true,76,78,68,85,79,82,83,69,82,86,81,77,83,83,83,81,80,72,76,80,82,75,84,84,72,85,71,73,70,5,11,14,5,7
Nicolò,Barella,1997-02-07,175,68,84.5,Italy,Inter Milan,true,79,76,60,88,80,82,79,67,85,88,85,78,91,92,90,80,79,93,74,79,87,84,84,84,73,88,80,83,81,11,5,13,14,11
Piotr,Zieliński,1994-05-20,180,75,29,Poland,Inter Milan,false,73,74,52,86,75,83,80,65,85,87,78,78,82,81,79,79,66,77,57,82,56,74,76,84,62,82,69,76,74,12,9,12,11,6
Davide,Frattesi,1999-09-22,178,74,43.5,Italy,Inter Milan,false,67,75,70,84,71,80,71,65,85,85,80,80,80,76,80,76,77,63,74,74,76,71,84,64,79,81,70,73,70,5,10,8,11,10
Luka,Topalović,2006-02-23,187,75,0.8,Slovenia,Inter Milan,false,42,56,56,67,50,61,42,50,61,65,65,68,56,58,61,59,64,61,61,53,50,56,59,56,51,61,40,58,48,14,10,14,10,7
Hakan,Çalhanoğlu,1994-02-08,178,69,57,Turkey,Inter Milan,true,78,75,65,90,78,78,88,85,89,87,74,68,83,87,80,87,76,81,72,87,83,82,73,89,90,85,81,83,80,9,14,11,6,10
Kristjan,Asllani,2002-03-09,179,70,8,Albania,Inter Milan,false,63,57,64,80,48,75,65,65,77,78,65,66,64,70,74,72,69,76,65,66,68,71,59,77,54,71,68,74,68,9,8,12,6,6
Federico,Dimarco,1997-11-10,175,76,58,Italy,Inter Milan,true,87,74,67,84,82,81,88,83,83,86,83,78,84,83,84,81,83,85,78,84,81,80,83,80,71,78,80,81,80,9,8,12,7,7
Carlos,Augusto Zopolato Neves,1999-01-07,184,75,25,Brazil,Inter Milan,false,79,68,74,78,73,80,77,74,74,81,79,78,79,81,79,79,86,84,78,77,80,78,79,76,52,78,78,80,80,11,12,5,12,13
Nicola,Zalewski,2002-01-23,175,78,10.5,Poland,Inter Milan,false,75,58,45,76,69,79,75,72,65,78,81,84,80,72,75,72,59,80,46,66,65,64,75,73,69,72,65,67,63,10,5,7,8,15
Alessandro,Bastoni,1999-04-13,190,75,88.5,Italy,Inter Milan,true,72,39,86,80,44,74,64,41,84,82,71,77,64,88,61,59,89,81,84,48,83,86,39,72,50,85,87,89,85,11,5,9,11,12
Francesco,Acerbi,1988-02-10,192,88,7.5,Italy,Inter Milan,true,34,37,84,76,39,65,58,56,79,72,61,59,38,83,33,75,86,68,85,60,80,84,20,65,61,86,87,89,83,11,9,9,13,11
Stefan,de Vrij,1992-02-05,189,78,23.5,Netherlands,Inter Milan,false,49,25,79,78,27,66,45,36,74,74,63,61,60,83,60,65,82,67,78,60,79,85,31,70,41,85,87,87,83,8,10,7,14,13
Yann Aurel,Bisseck,2000-11-29,196,83,10,Germany,Inter Milan,false,54,54,78,75,44,71,52,38,68,76,75,76,73,74,73,67,90,78,84,59,74,74,59,60,49,76,74,77,73,8,7,8,5,11
Benjamin,Pavard,1996-03-28,186,81,36.5,France,Inter Milan,true,76,60,84,83,81,73,67,51,81,79,74,76,71,86,70,80,88,84,80,70,81,86,68,69,51,83,85,88,85,9,7,15,7,15
Denzel,Dumfries,1996-04-18,188,80,33,Netherlands,Inter Milan,true,79,75,85,79,51,78,72,45,74,79,78,88,69,83,61,74,93,89,87,61,84,78,81,67,51,78,78,80,79,10,10,7,13,14
Matteo,Darmian,1989-12-02,182,70,9.5,Italy,Inter Milan,false,74,60,76,81,65,72,75,40,74,79,68,76,79,83,80,69,79,79,70,60,84,79,78,70,49,79,83,84,80,6,7,7,12,7
Yann,Sommer,1988-12-17,183,77,9,Switzerland,Inter Milan,true,13,13,10,46,8,22,12,13,38,30,48,54,57,83,58,64,68,45,68,12,38,21,15,64,24,54,9,19,12,83,82,85,87,89
Josep,Martínez Riera,1998-05-27,191,78,5.5,Spain,Inter Milan,false,12,6,11,27,6,8,11,12,24,11,24,30,32,75,22,50,54,42,58,7,24,11,11,52,18,42,15,13,15,75,71,67,76,74
Raffaele,Di Gennaro,1993-10-03,186,80,1,Italy,Inter Milan,false,12,15,16,25,20,19,14,18,21,26,41,45,35,68,42,47,55,40,51,9,22,23,13,43,24,67,6,18,17,72,67,62,66,70

Luka,Jović,1997-12-23,181,85,23,Serbia,AC Milan,true,67,80,82,72,81,78,77,56,61,80,76,74,74,80,81,81,90,63,79,75,62,23,80,70,66,81,25,26,16,8,7,12,9,13
Tammy,Abraham,1997-10-02,195,86,17,England,AC Milan,false,53,77,81,74,80,77,55,55,53,78,75,81,61,80,53,80,92,66,85,68,68,25,79,76,79,80,40,29,20,12,7,8,13,13
Santiago,Tomás Giménez,2001-04-18,183,68,27,Mexico,AC Milan,false,64,82,80,74,70,77,72,52,69,78,77,80,75,75,70,83,81,68,76,76,78,51,84,75,81,78,45,39,22,6,14,12,6,10
Francesco,Camarda,2008-03-10,184,75,2.3,Italy,AC Milan,false,40,68,66,58,61,66,50,40,48,69,65,68,66,61,67,67,67,56,59,61,40,22,61,48,76,58,16,22,16,11,9,15,12,15
Divock,Origi,1995-04-18,189,88,3,Belgium,AC Milan,false,69,70,73,72,70,72,54,51,59,75,65,76,66,74,52,79,81,63,77,70,69,28,73,65,65,74,16,24,18,15,13,16,11,15
João,Félix Sequeira,1999-11-10,181,70,30,Portugal,AC Milan,true,76,76,68,79,80,84,83,67,72,82,82,79,90,80,85,81,78,78,65,78,72,45,80,80,70,84,35,47,47,13,12,14,13,14
Ruben,Loftus-Cheek,1996-01-23,191,88,21,England,AC Milan,false,75,76,85,84,60,81,70,57,80,83,78,84,75,79,68,82,95,79,87,75,75,76,83,79,56,82,75,76,70,11,7,12,15,13
Mattia,Liberali,2007-04-07,169,67,1.2,Italy,AC Milan,false,54,56,48,65,64,61,58,52,57,62,75,65,83,65,85,64,54,70,48,53,48,38,59,62,56,67,42,40,51,13,11,14,8,13
Rafael,Leão,1999-06-10,188,81,71.5,Portugal,AC Milan,true,84,83,72,83,74,87,79,60,70,86,93,93,84,83,84,80,90,75,83,74,60,24,76,81,63,83,22,24,21,10,12,15,11,9
Riccardo,Sottil,1999-06-03,180,70,9,Italy,AC Milan,false,69,66,42,74,56,79,60,45,62,79,90,87,75,72,74,68,57,53,44,64,50,30,75,72,69,68,32,35,39,12,13,6,5,14
Chaka,Traorè,2004-12-23,175,70,2.6,Ivory Coast,AC Milan,false,57,71,58,60,60,66,65,47,55,66,83,82,83,59,81,63,72,59,59,64,50,28,62,63,61,60,30,27,27,12,13,6,10,13
Christian,Pulisic,1998-09-18,178,73,50.5,United States,AC Milan,true,78,85,50,80,74,86,83,75,70,86,91,85,90,84,86,81,69,76,54,79,70,35,83,79,80,83,40,32,48,8,12,13,16,14
Samuel,Chukwueze,1999-05-22,172,70,28,Nigeria,AC Milan,false,76,75,44,77,70,86,73,58,66,82,91,86,85,77,83,78,68,67,62,72,47,33,78,76,55,72,40,32,33,13,7,9,7,6
Bob,Omoregbe,2003-11-05,185,75,0.5,Italy,AC Milan,false,56,57,53,48,48,61,48,33,42,59,68,69,65,42,51,56,60,53,58,58,40,22,58,56,58,48,17,26,22,9,15,14,9,13
Tijjani,Reijnders,1998-07-29,185,73,40,Netherlands,AC Milan,true,73,71,61,85,65,84,77,70,81,84,83,77,82,84,84,85,76,92,65,82,75,75,81,81,59,83,71,77,71,6,10,9,14,9
Youssouf,Fofana,1999-01-10,185,74,32.5,France,AC Milan,true,66,66,63,80,46,77,66,56,78,79,67,70,70,79,75,76,75,90,77,70,78,81,73,77,64,77,78,81,76,12,7,12,5,9
Yunus,Musah,2002-11-29,178,71,9.5,United States,AC Milan,false,72,66,56,74,54,81,60,54,71,76,85,91,76,79,79,78,81,88,79,74,84,71,74,72,50,78,70,74,69,15,6,14,6,10
Warren,Bondo,2003-09-15,177,63,4.6,France,AC Milan,false,59,52,51,71,71,74,62,59,76,74,75,74,78,69,74,67,64,79,58,71,67,68,65,69,59,69,66,70,66,14,7,7,7,14
Theo,Hernández,1997-10-06,184,81,73,France,AC Milan,true,84,71,76,81,80,83,80,74,70,85,93,93,83,81,83,86,93,89,85,74,83,79,75,74,80,80,76,84,78,12,10,7,7,7
Davide,Bartesaghi,2005-12-29,193,84,1,Italy,AC Milan,false,58,38,62,58,43,60,52,49,53,63,56,59,47,55,59,49,70,57,74,45,60,61,51,49,50,50,60,64,62,8,13,9,14,12
Filippo,Terracciano,2003-02-08,181,68,4.2,Italy,AC Milan,false,75,56,61,72,54,73,73,65,67,71,81,78,71,62,68,69,76,74,65,65,61,66,57,67,57,54,64,71,68,11,12,8,12,13
Strahinja,Pavlović,2001-05-24,194,86,14,Serbia,AC Milan,true,53,43,74,62,25,63,39,38,59,68,64,75,57,75,44,56,84,83,86,36,80,74,34,31,43,68,76,74,76,12,14,8,10,13
Matteo,Gabbia,1999-10-21,185,78,15,Italy,AC Milan,true,41,22,84,65,34,53,47,28,58,69,41,53,56,78,48,59,75,76,74,41,83,77,23,41,42,59,78,82,77,11,5,12,14,14
Fikayo,Tomori,1997-12-19,185,79,44.5,England,AC Milan,false,53,33,81,75,32,61,38,40,65,70,78,84,74,83,71,56,91,71,81,45,88,81,37,48,27,81,81,85,79,10,13,10,11,7
Malick,Thiaw,2001-08-08,194,89,26.5,Germany,AC Milan,false,55,43,78,81,44,70,58,44,78,78,72,73,67,79,61,56,88,68,82,46,80,80,42,65,64,78,78,79,78,10,6,15,11,9
Alejandro,Jiménez Sánchez,2005-05-08,171,66,2.9,Spain,AC Milan,true,61,55,61,65,50,70,54,48,58,69,87,81,77,66,78,45,69,62,48,50,56,65,65,55,46,58,67,66,61,9,8,6,10,7
Kyle,Walker,1990-05-28,183,83,11,England,AC Milan,false,77,51,72,80,57,78,76,71,79,80,84,87,66,81,69,87,87,75,80,69,84,78,68,69,63,75,75,82,81,12,6,16,15,8
Emerson,Aparecido Leite de Souza Júnior,1999-01-14,181,78,8.5,Brazil,AC Milan,false,75,57,72,75,44,73,73,47,65,75,69,70,70,71,67,76,79,81,73,62,80,72,73,65,48,65,71,74,75,11,13,9,10,13
Alessandro,Florenzi,1991-03-11,173,66,2.9,Italy,AC Milan,false,79,71,68,79,79,74,75,75,78,79,74,67,84,74,82,79,66,63,48,78,66,76,69,80,73,78,76,75,69,9,8,10,11,10
Mike,Maignan,1995-07-03,191,89,68,France,AC Milan,true,18,15,17,64,16,30,38,16,61,40,65,62,60,85,56,64,82,39,83,20,35,25,15,65,15,68,23,16,19,84,83,85,84,88
Marco,Sportiello,1992-05-10,192,87,5,Italy,AC Milan,false,13,18,18,55,12,19,30,21,52,22,48,38,55,70,58,56,67,37,66,17,23,29,18,58,21,65,26,17,13,76,74,75,80,77
Lapo,Nava,2004-01-22,189,70,0.5,Italy,AC Milan,false,13,6,13,24,9,6,13,13,21,13,20,17,27,51,54,49,45,19,51,6,21,10,7,35,16,34,5,14,14,58,55,65,62,58
Lorenzo,Torriani,2005-01-31,197,85,0.6,Italy,AC Milan,false,10,5,10,54,4,12,12,10,45,17,22,16,32,60,22,50,42,26,48,6,16,16,5,52,17,55,10,10,11,59,54,66,61,62

Mateo,Retegui,1999-04-29,186,86,27,Italy,Atalanta,true,51,85,82,73,72,70,62,52,67,80,69,75,62,77,58,82,81,74,84,72,64,32,86,68,76,77,34,29,25,7,9,9,13,9
Gianluca,Scamacca,1999-01-01,196,85,23.5,Italy,Atalanta,false,44,83,83,75,79,74,69,68,70,80,61,69,61,76,59,83,87,61,85,78,58,26,80,71,68,79,40,28,20,12,10,11,7,12
Vanja,Vlahović,2004-03-23,184,75,0.6,Serbia,Atalanta,false,38,65,64,51,51,56,51,42,39,61,52,53,51,59,60,61,61,56,58,66,40,21,61,57,74,57,24,17,22,12,11,14,6,14
Ademola,Lookman,1997-10-20,174,71,50.5,Nigeria,Atalanta,true,66,87,71,80,80,89,69,53,62,88,89,83,92,86,85,83,83,69,68,78,66,35,87,78,62,80,30,23,24,12,12,9,15,6
Charles,De Ketelaere,2001-03-10,192,79,37,Belgium,Atalanta,true,76,77,75,81,76,85,75,72,80,86,71,70,79,77,66,81,79,83,70,79,55,58,79,83,67,73,45,58,54,11,8,14,8,8
Daniel,Maldini,2001-10-11,188,83,8.5,Italy,Atalanta,false,75,64,65,78,75,77,78,78,69,81,66,74,69,72,68,73,70,75,66,78,46,35,72,73,70,72,31,48,40,12,12,14,13,14
Davide,Zappacosta,1992-06-11,182,75,14.5,Italy,Atalanta,true,84,64,69,77,69,79,78,59,69,77,78,76,71,74,69,79,76,80,63,75,75,77,76,70,59,74,75,78,79,11,9,8,6,11
Matteo,Ruggeri,2002-07-11,187,79,12,Italy,Atalanta,false,76,59,65,75,53,72,71,50,74,75,66,71,51,72,57,69,72,82,70,40,70,70,75,61,35,61,71,74,74,11,12,11,14,8
Éderson,José dos Santos,1999-07-07,182,86,36.5,Brazil,Atalanta,true,64,68,65,84,59,80,65,50,82,84,78,74,68,80,70,78,79,90,75,70,80,80,74,80,57,82,79,82,76,14,10,12,13,13
Lazar,Samardžić,2002-02-24,184,79,15,Serbia,Atalanta,false,64,72,40,80,61,81,74,66,77,81,75,65,77,74,73,79,61,66,64,77,52,64,72,78,50,72,58,65,58,11,14,14,11,15
Marco,Brescianini,2000-01-20,188,80,2.8,Italy,Atalanta,false,54,66,65,73,45,66,50,54,70,73,58,50,50,71,49,72,73,74,76,72,73,67,70,70,54,69,62,68,61,6,14,9,7,10
Marten,de Roon,1991-03-29,186,76,13,Netherlands,Atalanta,true,68,66,75,85,65,75,61,54,84,78,58,68,59,78,72,79,78,91,79,78,86,84,70,72,80,83,82,85,80,14,15,7,12,12
Mario,Pašalić,1995-02-09,186,80,20.5,Croatia,Atalanta,false,68,80,65,83,73,83,69,59,80,87,68,69,72,74,53,78,75,83,75,76,76,72,85,78,61,77,61,72,64,11,13,13,13,14
Ibrahim,Sulemana,2003-05-22,180,78,4,Ghana,Atalanta,false,58,55,61,69,59,66,56,49,68,68,75,68,74,72,82,77,74,76,69,65,76,73,60,63,53,63,66,71,72,7,9,15,10,11
Federico,Cassa,2006-02-01,175,75,0.2,Italy,Atalanta,false,33,40,42,59,33,48,29,32,53,48,57,56,52,53,59,42,41,58,51,48,51,52,42,48,42,40,45,48,52,13,15,14,6,12
Alberto,Manzoni,2005-12-01,178,75,0.4,Italy,Atalanta,false,32,48,42,59,38,56,33,34,58,58,61,58,59,53,56,50,45,59,53,53,53,58,59,47,48,48,42,53,52,10,10,11,11,13
Raoul,Bellanova,2000-05-17,188,85,10.5,Italy,Atalanta,true,77,32,68,74,35,76,55,33,49,76,82,90,63,64,67,26,79,78,69,27,69,60,61,41,66,66,72,70,71,8,8,9,8,6
Juan,Cuadrado,1988-05-26,179,72,4.6,Colombia,Atalanta,false,81,68,69,70,70,84,76,74,82,84,82,83,87,79,79,84,77,60,80,80,72,73,74,65,78,72,79,81,79,5,5,13,6,9
Marco,Palestra,2005-03-03,186,75,0.3,Italy,Atalanta,false,48,40,53,32,32,50,29,32,51,53,58,56,52,57,48,56,58,59,47,47,51,53,48,42,40,42,42,51,51,7,9,10,8,10
Berat,Djimsiti,1993-02-19,190,83,9.5,Albania,Atalanta,true,53,36,81,67,32,34,42,30,68,64,63,66,40,76,45,52,86,73,82,30,79,80,55,56,38,74,81,81,78,10,6,13,10,10
Isak,Hien,1999-01-13,191,90,18.5,Sweden,Atalanta,true,28,30,73,62,33,54,29,25,58,61,63,75,48,73,47,49,84,51,90,39,82,79,39,49,45,58,80,79,74,12,5,10,11,13
Stefan,Posch,1997-05-14,190,82,17,Austria,Atalanta,false,73,52,80,74,51,65,65,45,70,74,71,78,36,76,60,63,86,70,77,54,73,79,55,38,70,70,80,80,79,6,8,7,6,8
Rafael,Tolói,1990-10-10,185,75,6.5,Italy,Atalanta,false,44,40,81,69,30,56,41,65,68,69,57,64,59,76,66,73,82,75,76,60,80,79,40,50,64,82,79,81,78,11,12,16,16,8
Sead,Kolašinac,1993-06-20,183,85,14.5,Bosnia and Herzegovina,Atalanta,false,73,60,76,72,55,67,61,42,63,72,59,68,57,79,53,75,84,70,87,58,84,78,65,54,72,72,80,81,80,15,9,16,7,9
Giorgio,Scalvini,2003-12-11,194,75,29,Italy,Atalanta,false,38,23,73,72,39,56,35,22,62,70,56,55,48,77,42,57,75,64,75,39,81,81,28,61,35,72,79,82,80,6,12,12,9,6
Odilon,Kossounou,2001-01-04,191,82,29,Ivory Coast,Atalanta,true,58,26,79,76,28,66,33,23,74,69,74,84,62,76,56,52,81,76,82,24,78,81,44,57,32,73,81,83,81,5,8,6,10,6
Marco,Carnesecchi,2000-07-01,191,83,37,Italy,Atalanta,true,11,8,20,36,7,14,18,12,31,21,24,39,40,71,25,53,58,28,55,10,27,13,9,54,17,40,16,15,12,85,80,71,83,86
Rui,Patrício,1988-02-15,190,84,0.7,Portugal,Atalanta,false,12,12,11,16,11,20,10,16,32,25,53,57,61,70,54,58,72,45,77,11,37,23,13,64,32,66,14,13,11,78,76,77,74,75
Francesco,Rossi,1991-04-27,193,83,0.2,Italy,Atalanta,false,19,11,14,16,17,21,22,22,12,19,22,21,55,40,48,47,35,30,12,12,14,27,11,22,14,42,20,17,16,63,62,63,60,62

Randal,Kolo Muani,1998-12-05,187,73,34.5,France,Juventus,true,64,81,80,77,80,80,70,62,62,81,90,90,84,78,73,83,91,71,74,73,36,38,82,77,70,79,32,33,32,7,14,15,8,5
Dušan,Vlahović,2000-01-28,190,88,58.5,Serbia,Juventus,false,57,84,83,75,80,79,78,89,60,81,76,79,63,86,53,84,92,77,87,83,78,24,87,70,81,78,19,26,24,5,15,6,11,10
Lorenzo,Anghelè,2005-02-26,175,75,0.8,Italy,Juventus,false,42,68,59,58,59,67,61,48,51,66,61,65,58,68,51,61,55,48,58,58,42,26,61,53,56,67,33,33,34,10,13,8,11,9
Arkadiusz,Milik,1994-02-28,186,80,20.5,Poland,Juventus,false,63,85,75,83,83,76,76,81,64,83,48,62,69,78,62,84,81,54,80,78,67,36,83,78,84,84,35,32,32,9,16,16,15,6
Diego,Pugno,2006-07-07,175,75,0.525,Italy,Juventus,false,40,61,61,58,58,58,51,48,48,59,61,61,51,66,51,59,64,67,58,58,42,15,59,48,53,68,19,19,16,12,7,11,9,13
Teun,Koopmeiners,1998-02-28,183,77,42.5,Netherlands,Juventus,true,79,70,72,86,72,76,74,77,85,83,67,69,66,82,71,82,78,87,75,84,72,78,80,84,85,81,76,74,72,14,8,14,12,10
Kenan,Yıldız,2005-05-04,185,75,7,Turkey,Juventus,true,66,69,60,68,60,76,68,57,76,75,75,75,75,70,72,70,73,66,72,64,50,35,74,68,68,70,32,20,16,14,14,6,8,14
Vasilije,Adžić,2006-05-12,185,80,1.5,Montenegro,Juventus,false,57,67,68,66,57,61,64,59,60,68,62,64,65,67,60,68,74,72,60,53,65,35,58,73,72,50,49,44,39,11,10,7,9,15
Andrea,Cambiaso,2000-02-20,182,77,21,Italy,Juventus,true,78,56,62,65,55,78,72,60,79,79,78,75,75,74,74,71,74,72,65,64,71,72,73,46,74,74,79,78,78,13,7,7,13,13
Samuel,Mbangula,2004-01-16,171,65,2.7,Belgium,Juventus,false,61,65,59,58,58,68,61,51,70,70,75,78,68,75,75,62,62,48,62,62,42,26,59,65,56,68,33,33,35,14,10,14,15,11
Khéphren,Thuram,2001-03-26,192,80,30,France,Juventus,true,72,70,76,82,62,80,72,56,78,83,76,78,75,79,72,76,88,81,81,69,83,80,78,78,59,79,78,82,74,7,9,14,11,9
Manuel,Locatelli,1998-01-08,185,75,43,Italy,Juventus,true,73,58,68,85,70,76,73,64,85,81,61,65,65,82,60,79,74,90,76,80,81,79,68,82,60,82,82,83,79,11,12,11,10,15
Douglas,Luiz,1998-05-09,175,66,35.5,Brazil,Juventus,false,80,70,62,87,77,79,89,83,84,85,69,67,74,77,75,79,74,80,74,84,77,77,76,86,83,84,76,77,72,12,6,13,10,7
Weston,McKennie,1998-08-28,180,86,17.5,United States,Juventus,false,78,68,86,78,77,78,77,63,77,78,75,79,68,77,71,76,91,83,79,73,82,78,78,76,61,78,78,81,75,7,9,12,9,11
Nico,González,1998-04-06,180,72,19,Argentina,Juventus,true,76,79,80,80,68,83,65,54,66,83,81,84,79,75,78,75,79,73,52,65,67,39,81,69,85,76,38,46,39,10,6,9,5,8
Francisco,Conceição,2002-12-14,168,61,35.5,Portugal,Juventus,false,74,68,36,77,71,85,77,58,69,83,88,87,93,79,91,72,54,69,40,65,49,31,76,71,59,72,34,41,37,9,6,7,15,14
Timothy,Weah,2000-02-22,182,66,10,United States,Juventus,false,65,75,67,74,76,76,74,53,66,78,86,88,87,75,74,76,79,75,65,76,68,66,75,69,60,74,65,68,65,7,9,12,15,14
Lloyd,Kelly,1998-10-06,190,86,6.5,England,Juventus,true,62,34,75,73,34,67,46,44,68,73,64,69,55,69,50,50,83,72,82,40,75,74,57,60,45,72,73,77,74,7,8,8,11,12
Jonas,Rouhi,2004-01-07,183,70,1.1,Sweden,Juventus,false,60,28,42,62,48,66,59,34,53,63,65,64,53,56,64,55,45,58,49,54,62,57,48,42,50,48,59,66,65,8,9,12,12,6
Renato,Veiga,2003-07-29,190,88,8.5,Portugal,Juventus,true,68,50,70,75,68,72,70,72,73,74,67,82,70,70,65,72,80,73,83,70,84,72,63,70,60,72,70,74,73,6,15,11,13,9
Pierre,Kalulu,2000-06-05,182,80,25,France,Juventus,false,70,43,76,77,54,64,65,44,65,74,75,83,71,80,69,66,86,69,77,59,77,80,60,59,49,80,80,83,79,12,5,13,9,11
Gleison,Bremer,1997-03-18,187,84,72.5,Brazil,Juventus,false,46,49,87,75,38,62,42,24,69,68,78,86,65,79,67,68,94,75,89,39,84,84,58,45,43,78,87,87,84,13,15,13,5,6
Juan,Cabal,2001-01-08,186,80,8.5,Colombia,Juventus,false,70,37,73,74,30,63,65,39,75,70,71,73,67,69,63,42,83,64,77,35,71,72,46,62,44,55,70,77,81,10,7,8,6,7
Federico,Gatti,1998-06-24,190,80,21.5,Italy,Juventus,true,38,30,80,68,42,62,38,46,61,68,73,79,56,78,59,68,88,69,81,39,81,78,45,40,49,78,80,83,79,6,11,11,11,6
Nicolò,Savona,2003-03-19,192,85,2.6,Italy,Juventus,false,65,38,58,65,48,62,48,22,57,64,68,68,60,64,52,52,68,68,67,46,54,64,50,33,42,62,66,69,68,8,9,11,14,7
Alberto,Oliveira Baio,2003-09-29,186,79,2.8,Portugal,Juventus,false,70,54,62,65,43,67,60,48,59,68,70,68,54,72,54,62,75,65,74,51,58,60,64,46,61,61,65,66,65,13,8,12,5,8
Michele,Di Gregorio,1997-07-27,187,82,22.5,Italy,Juventus,true,13,9,11,11,11,28,17,14,30,35,55,57,55,55,68,59,69,36,68,18,26,15,9,65,56,56,21,14,10,82,78,79,83,83
Mattia,Perin,1992-11-10,188,77,9.5,Italy,Juventus,false,11,11,12,33,19,19,15,13,23,23,57,56,53,74,30,53,63,30,52,17,25,19,12,44,65,65,20,12,19,79,79,71,79,81
Carlo,Pinsoglio,1990-03-16,194,85,0.3,Italy,Juventus,false,13,11,13,24,8,18,11,18,22,22,43,41,33,61,40,47,61,34,60,6,32,18,11,35,63,63,20,12,13,70,70,62,71,72

Valentín,Castellanos,1998-10-03,178,70,28.5,Argentina,Lazio,true,58,83,83,78,76,80,65,65,61,82,78,76,77,79,73,79,88,86,71,74,84,39,83,74,73,81,43,40,39,15,6,10,12,8
Tijjani,Noslin,1999-07-07,178,73,6.5,Netherlands,Lazio,false,72,74,74,67,71,78,72,53,59,78,81,79,77,68,70,78,88,72,76,70,66,42,72,65,68,77,35,42,39,10,12,6,11,12
Boulaye,Dia,1996-11-16,180,75,23,Senegal,Lazio,true,55,83,76,75,75,79,56,49,64,79,81,87,76,78,70,84,90,74,81,74,65,38,81,72,81,78,39,42,36,11,10,15,14,10
Fisayo,Dele-Bashiru,2001-02-06,186,80,4.4,Nigeria,Lazio,false,51,69,61,74,63,79,54,53,67,75,79,89,77,68,76,84,85,81,87,74,70,66,72,66,53,74,65,68,65,6,8,15,11,13
André,Anderson,1999-09-23,180,75,1.1,Italy,Lazio,false,50,61,56,65,57,70,54,40,64,67,66,65,69,61,65,65,50,58,37,56,35,15,67,66,60,56,30,20,15,8,9,9,11,12
Cristóbal,Muñoz López,2005-02-01,175,70,1.7,Spain,Lazio,false,59,58,54,66,61,67,64,61,65,65,69,67,75,63,76,64,58,53,52,61,47,53,66,65,61,74,52,54,52,10,14,5,12,7
Mattia,Zaccagni,1995-06-16,177,63,35.5,Italy,Lazio,true,75,79,66,78,74,88,70,71,76,87,90,85,93,83,87,78,79,75,63,76,61,58,79,77,72,83,55,58,52,13,16,14,8,7
Arijon,Ibrahimović,2005-12-11,176,69,1,Germany,Lazio,false,55,60,57,59,65,68,64,55,49,68,64,54,71,58,75,65,55,50,48,61,48,24,63,59,60,57,19,23,28,12,12,10,10,8
Gustav,Isaksen,2001-04-19,178,65,12,Denmark,Lazio,true,71,74,55,70,61,79,70,48,61,77,84,92,82,73,80,75,59,79,32,72,52,35,74,67,53,69,42,40,29,7,5,15,7,6
Pedro,Rodríguez Ledesma,1987-07-28,169,64,2.4,Spain,Lazio,false,67,70,39,77,70,83,82,57,70,84,73,56,88,77,94,73,48,67,40,76,53,42,75,82,66,80,41,29,26,5,11,12,15,9
Loum,Tchaouna,2003-09-08,180,67,3.1,France,Lazio,false,65,72,50,66,72,71,70,59,58,73,71,79,66,65,69,72,65,63,61,69,47,32,67,60,69,63,37,36,33,14,12,15,8,14
Nicolò,Rovella,2001-12-04,179,70,35.5,Italy,Lazio,true,67,52,62,83,68,79,74,71,81,81,77,79,74,77,77,72,75,88,68,76,81,79,68,81,60,74,78,79,79,9,12,11,9,10
Toma,Bašić,1996-11-25,190,82,4.5,Croatia,Lazio,false,72,54,75,77,59,72,77,77,75,75,46,41,61,75,63,81,74,74,76,75,71,72,73,75,51,73,70,73,71,13,10,11,11,7
Mattéo,Guendouzi,1999-04-14,185,68,36.5,France,Lazio,true,71,68,69,85,64,78,75,67,81,83,69,74,80,71,80,75,76,89,75,73,86,80,74,81,70,82,76,79,74,6,13,6,13,11
Matías,Vecino,1991-08-24,187,81,11,Uruguay,Lazio,false,69,68,83,79,68,76,64,58,75,80,57,58,67,78,64,82,85,72,81,77,81,82,79,79,56,80,77,77,76,4,4,4,4,4
Reda,Belahyane,2004-06-01,169,53,2.9,Morocco,Lazio,false,48,42,52,74,47,75,61,57,68,76,69,63,77,67,93,59,50,67,42,55,71,67,53,64,51,65,67,69,67,7,9,13,6,13
Nuno,Tavares,2000-01-26,183,75,14,Portugal,Lazio,true,86,61,58,73,51,83,79,66,67,79,87,89,79,69,60,83,84,84,74,84,73,62,76,62,42,75,69,76,74,8,13,6,12,13
Luca,Pellegrini,1999-03-07,178,72,4.9,Italy,Lazio,false,76,46,61,75,57,77,63,39,65,78,77,66,69,70,69,65,64,71,45,60,75,69,68,47,49,69,71,74,74,6,9,11,6,5
Elseid,Hysaj,1994-02-02,182,75,2.6,Albania,Lazio,false,73,47,65,71,40,72,54,30,68,71,69,77,69,72,68,68,70,71,64,43,79,71,63,59,40,74,71,72,71,12,6,14,9,11
Alessio,Romagnoli,1995-01-12,185,75,30.5,Italy,Lazio,true,36,30,81,75,28,68,35,24,69,75,65,64,52,82,54,63,86,83,46,83,82,85,31,45,34,77,84,85,84,9,14,12,8,9
Oliver,Provstgaard,2003-06-04,192,86,2.4,Denmark,Lazio,false,40,32,66,65,41,54,40,36,60,61,65,67,53,64,60,58,79,72,82,34,68,63,48,44,38,62,64,66,63,13,11,12,6,13
Mario,Gila,2000-08-29,185,80,26,Spain,Lazio,true,64,48,75,74,51,74,64,48,66,76,83,87,74,75,77,68,86,76,74,56,72,81,42,62,38,76,78,78,81,14,10,10,6,14
Samuel,Gigot,1993-10-12,187,83,8.5,France,Lazio,false,61,35,74,71,30,56,37,33,67,65,59,65,57,77,53,44,81,70,84,33,86,80,54,55,45,67,74,78,77,11,15,13,10,10
Patricio,Gabarrón Gil,1993-04-17,184,72,5,Spain,Lazio,false,69,49,76,76,25,68,46,48,71,73,65,61,68,78,68,63,78,68,69,57,79,78,55,66,51,72,76,78,76,8,14,12,9,14
Adam,Marušić,1992-10-17,185,81,12.5,Montenegro,Lazio,true,76,56,76,71,68,75,76,54,55,76,86,87,64,76,76,79,92,80,81,77,76,76,69,60,58,75,75,76,75,8,9,7,10,10
Manuel,Lazzari,1993-11-29,174,67,15,Italy,Lazio,false,83,67,44,76,59,81,68,58,74,79,92,93,89,78,89,53,66,85,56,57,66,73,74,74,55,76,72,75,69,14,6,11,5,11
Christos,Mandas,2001-09-17,189,73,4.6,Greece,Lazio,true,11,8,10,30,7,12,12,12,20,18,22,25,39,60,34,53,45,23,45,5,19,14,7,28,18,31,5,10,12,75,70,71,69,78
Ivan,Provedel,1994-03-17,192,84,24,Italy,Lazio,false,21,17,23,61,14,16,13,13,56,22,44,40,38,75,44,60,65,28,56,20,27,22,16,63,22,68,22,22,21,84,79,80,84,85
Alessio,Furlanetto,2002-02-07,191,78,0.7,Italy,Lazio,false,14,9,12,31,8,14,16,12,28,12,37,43,40,51,27,44,54,29,57,8,22,14,8,35,15,31,12,14,13,63,60,58,55,65

Giacomo,Raspadori,2000-02-18,172,69,21,Italy,Napoli,true,56,78,69,78,76,84,69,60,62,83,83,76,79,76,85,73,70,65,48,75,59,26,78,76,76,77,24,23,21,13,14,7,7,9
David,Neres,1997-03-03,175,69,27.5,Brazil,Napoli,false,74,76,45,78,74,87,79,52,69,86,87,85,88,80,87,79,70,73,64,75,53,48,78,79,69,85,48,45,38,14,10,5,13,6
Romelu,Lukaku,1993-05-13,191,94,30.5,Belgium,Napoli,true,70,84,83,70,76,76,74,60,68,79,71,86,59,80,55,85,93,64,95,73,68,36,84,78,88,81,35,40,30,8,15,14,7,10
Noah,Okafor,2000-05-24,185,85,16,Switzerland,Napoli,false,75,79,63,72,79,83,78,63,64,81,87,85,85,76,71,75,86,68,82,73,53,20,79,75,70,78,38,25,20,14,14,11,6,5
Cyril,Ngonge,2000-05-26,179,67,4.2,Belgium,Napoli,false,73,71,68,72,67,77,74,58,57,75,87,79,79,68,71,75,80,64,64,75,60,40,71,58,64,62,22,35,35,15,7,10,7,8
Giovanni,Simeone,1995-07-05,181,81,7.5,Argentina,Napoli,false,55,78,76,69,77,71,69,66,61,76,73,69,70,76,72,83,85,68,74,74,78,24,80,60,75,75,44,38,36,12,15,9,14,11
Matteo,Politano,1993-08-03,171,67,20.5,Italy,Napoli,true,80,78,40,80,75,81,79,77,76,83,81,79,89,81,88,78,53,75,40,80,66,62,76,74,70,79,67,58,50,11,12,6,8,11
Scott,McTominay,1996-12-08,193,88,27.5,Scotland,Napoli,true,66,80,81,81,75,81,69,60,81,84,53,63,55,81,47,86,82,83,83,79,90,80,84,74,60,76,76,80,76,9,6,6,10,11
Stanislav,Lobotka,1994-11-25,170,68,35.5,Slovakia,Napoli,true,75,68,45,85,43,81,75,55,85,85,76,68,75,81,86,69,67,89,68,77,76,79,76,82,56,77,78,80,76,10,7,16,13,14
Philip,Billing,1996-06-11,197,80,7.5,Denmark,Napoli,false,62,75,77,78,73,77,73,70,75,78,50,50,46,77,42,85,80,78,82,77,75,72,79,73,58,80,70,72,68,11,7,10,14,13
Billy,Gilmour,2001-06-11,170,66,9,Scotland,Napoli,false,65,53,50,83,58,76,65,55,77,77,69,53,75,78,77,63,58,73,52,60,73,72,58,75,65,77,70,76,67,9,7,9,13,12
Luis,Hasa,2004-01-24,175,70,2.5,Italy,Napoli,false,48,53,32,65,40,70,40,62,61,69,68,69,71,51,75,62,46,61,54,60,50,53,61,57,51,53,33,42,38,15,7,15,14,11
André-Frank,Zambo Anguissa,1995-11-16,184,83,25.5,Cameroon,Napoli,true,62,72,70,83,58,78,59,52,80,80,75,75,75,84,76,75,84,92,87,76,85,80,83,76,60,80,79,79,76,11,11,9,8,11
Leonardo,Spinazzola,1993-03-25,186,75,11.5,Italy,Napoli,true,79,60,69,76,64,80,66,45,69,80,84,87,78,79,68,71,79,69,67,68,71,78,77,76,59,75,75,79,75,11,13,12,15,14
Mathías,Olivera,1997-10-31,184,78,11.5,Uruguay,Napoli,true,76,50,68,72,38,72,67,41,66,76,69,72,65,79,36,56,73,76,69,48,80,79,64,62,42,68,78,76,75,14,14,12,13,15
Alessandro,Buongiorno,1999-06-06,190,86,34,Italy,Napoli,false,63,36,80,74,46,60,52,43,70,71,65,72,59,79,61,65,83,70,78,47,83,85,40,66,49,77,86,83,80,13,11,7,11,12
Juan,Guilherme Nunes Jesus,1991-06-10,185,83,2.7,Brazil,Napoli,false,60,20,75,59,17,58,44,36,59,61,63,58,64,76,58,62,78,56,74,35,81,76,35,34,37,73,79,76,74,12,11,7,8,14
Amir,Rrahmani,1994-02-24,192,75,17.5,Kosovo,Napoli,true,49,43,78,69,39,59,49,41,65,66,48,86,48,79,47,60,79,67,83,66,81,82,49,48,34,70,83,83,81,12,8,13,8,7
Rafael,Marín Zamora,2002-05-19,191,78,3.3,Spain,Napoli,false,47,25,71,71,25,43,33,40,48,71,66,67,65,66,67,31,78,74,71,22,68,67,54,62,48,65,70,73,71,7,7,13,11,9
Giovanni,Di Lorenzo,1993-08-04,183,82,31.5,Italy,Napoli,true,79,69,72,76,63,76,67,66,72,78,83,85,76,78,78,75,86,87,77,72,79,80,72,68,60,74,79,81,79,8,10,8,10,7
Pasquale,Mazzocchi,1995-07-27,180,74,2.4,Italy,Napoli,false,75,58,59,73,58,74,69,59,73,75,75,76,69,64,67,63,72,69,68,57,71,69,68,68,58,66,68,70,69,12,14,13,8,11
Alex,Meret,1997-03-22,192,82,28,Italy,Napoli,true,15,17,19,30,20,16,20,21,25,25,41,48,46,78,48,56,66,29,65,17,22,22,20,25,21,67,10,21,12,81,79,74,84,85
Simone,Scuffet,1996-05-31,190,87,2,Italy,Napoli,false,20,20,18,34,20,14,20,22,36,22,50,50,60,69,45,48,67,40,65,16,35,20,12,35,18,61,15,24,18,72,70,64,71,75
Nikita,Contini,1996-05-21,190,85,0.9,Italy,Napoli,false,17,15,19,26,12,15,18,18,21,20,47,49,39,63,51,46,61,21,58,20,20,19,17,18,26,44,12,14,15,68,66,61,64,69

Eldor,Shomurodov,1995-06-29,190,76,3,Uzbekistan,Roma,true,59,71,72,68,73,75,66,53,58,76,82,77,75,65,70,73,84,63,69,66,64,39,77,67,65,74,37,34,31,8,11,5,7,5
Paulo,Dybala,1993-11-15,177,75,65.5,Argentina,Roma,false,83,84,65,84,92,87,89,87,79,89,84,76,88,84,90,84,77,74,67,86,48,42,83,88,88,87,32,42,39,5,4,4,5,8
Tommaso,Baldanzi,2003-03-23,170,63,12,Italy,Roma,false,68,69,48,76,70,79,75,64,68,78,77,78,83,70,88,77,54,68,40,74,53,33,79,79,58,69,42,41,48,12,9,10,12,7
Artem,Dovbyk,1997-06-21,189,78,42.5,Ukraine,Roma,true,48,86,85,80,67,80,63,58,70,79,80,86,74,80,72,89,94,74,86,78,74,25,85,72,84,83,32,28,23,13,13,5,12,10
José Ángel,Esmorís Tasende,1997-01-04,171,69,13.5,Spain,Roma,true,86,68,63,80,63,82,83,76,80,83,80,49,84,77,85,82,74,86,60,67,76,75,78,78,55,80,76,75,74,13,6,13,13,13
Stephan,El Shaarawy,1992-10-27,178,73,14.5,Italy,Roma,false,76,72,65,77,85,83,85,72,70,83,83,78,92,80,80,75,77,62,63,78,51,36,76,78,72,77,65,42,35,5,3,5,5,3
Kouadio,Manu Koné,2001-05-17,185,80,22,France,Roma,true,70,71,68,78,55,83,70,53,76,84,77,72,79,79,77,86,84,80,82,76,80,76,73,75,54,75,69,78,72,11,10,11,9,10
Anass,Salah-Eddine,2002-01-18,181,66,4,Netherlands,Roma,false,66,38,53,74,32,74,66,39,68,72,80,84,79,72,68,50,71,78,65,39,65,66,67,68,37,72,65,67,65,14,8,15,14,12
Bryan,Cristante,1995-03-03,186,80,20.5,Italy,Roma,true,70,68,76,81,72,75,68,66,85,79,53,56,62,79,54,83,80,93,83,78,78,76,76,80,68,82,79,78,74,3,5,3,3,5
Lorenzo,Pellegrini,1996-06-19,186,77,26,Italy,Roma,false,74,76,74,84,74,80,74,79,81,85,76,75,79,82,79,79,83,80,74,76,74,72,80,85,80,78,73,77,73,12,7,10,13,11
Niccolò,Pisilli,2004-09-23,180,75,4.4,Italy,Roma,false,61,65,65,77,48,74,50,56,71,76,70,65,56,76,65,75,67,68,56,68,76,72,68,60,50,74,65,70,71,7,6,10,15,9
Matías,Soulé,2003-04-15,176,69,17,Argentina,Roma,true,75,69,58,76,69,83,79,76,70,81,79,71,83,69,77,66,64,87,48,74,38,30,68,74,69,70,28,40,38,15,8,11,15,14
Alexis,Saelemaekers,1999-06-27,180,72,17.5,Belgium,Roma,false,80,68,45,77,65,81,76,67,70,81,83,77,87,76,77,64,65,78,56,74,69,67,74,71,44,74,69,69,66,9,6,9,12,12
Leandro,Paredes,1994-06-29,180,75,13.5,Argentina,Roma,true,77,50,56,86,71,78,83,78,85,84,62,62,68,68,75,86,70,75,72,72,88,72,62,82,75,82,70,76,76,9,14,6,9,10
Lucas,Gourna-Douath,2003-08-05,185,81,4.8,France,Roma,false,54,48,65,72,46,71,42,43,70,73,78,74,71,68,70,62,82,81,77,49,72,71,62,68,50,71,67,71,68,8,6,6,13,13
Evan,Ndicka,1999-08-20,192,82,24.5,Ivory Coast,Roma,true,68,49,79,78,43,69,59,30,74,75,69,78,50,76,55,65,86,75,81,54,79,78,68,64,33,80,80,85,77,13,8,7,8,8
Gianluca,Mancini,1996-04-17,190,77,31.5,Italy,Roma,true,34,48,83,67,40,59,38,34,71,76,65,75,34,82,57,51,86,78,84,58,87,84,32,56,47,83,86,84,79,13,12,8,6,8
Victor,Nelsson,1998-10-14,185,78,17.5,Denmark,Roma,false,42,30,84,70,30,58,40,35,64,66,60,66,58,70,60,55,82,76,76,55,80,82,58,58,48,76,82,81,79,10,11,9,8,10
Devyne,Rensch,2003-01-18,179,73,11,Netherlands,Roma,false,65,60,68,75,42,70,48,38,66,73,75,75,74,74,66,57,74,64,50,75,72,73,75,66,42,69,72,74,72,10,8,9,13,7
Zeki,Çelik,1997-02-17,180,78,7,Turkey,Roma,true,72,57,65,72,55,74,72,49,67,76,70,74,67,72,66,63,75,74,62,75,74,74,70,68,46,74,73,74,74,13,14,9,10,7
Saud,Abdulhamid,1999-07-18,175,70,13.5,Saudi Arabia,Roma,false,75,41,61,71,35,73,62,43,67,66,89,89,82,71,87,53,73,70,45,73,73,72,72,59,48,64,68,76,70,5,9,6,12,14
Aboubacar,Sangaré Traoré,2007-08-06,177,67,1,Spain,Roma,false,61,35,58,61,50,61,57,30,59,62,64,63,64,62,60,60,56,49,42,58,51,61,58,48,39,56,62,59,62,12,10,9,11,13
Mile,Svilar,1999-08-27,189,77,24,Serbia,Roma,true,18,14,22,42,16,26,23,22,42,28,60,55,66,76,54,56,72,61,18,72,28,13,9,53,37,48,12,23,18,78,76,74,78,85
Pierluigi,Gollini,1995-03-18,194,94,3.2,Italy,Roma,true,17,14,19,31,18,18,13,15,25,24,46,48,56,70,52,53,67,68,17,67,19,18,12,32,21,63,20,12,19,74,72,71,74,76
Renato,Marin,2006-07-10,193,80,0.9,Italy,Roma,true,13,5,10,19,9,14,11,12,18,11,26,20,39,53,24,49,39,41,5,39,18,6,4,35,10,37,8,14,10,63,61,65,60,61

Moise,Bioty Kean,2000-02-28,183,72,37.5,Italy,Fiorentina,true,51,84,81,68,72,80,69,48,46,81,83,86,78,78,79,85,92,77,78,69,65,31,84,58,65,75,40,36,30,13,8,10,7,9
Nicolò,Zaniolo,1999-07-02,190,79,14.5,Italy,Fiorentina,false,73,74,64,76,64,76,74,60,72,79,72,77,66,79,69,84,75,75,86,77,87,62,79,76,60,74,54,63,58,8,11,11,13,5
Lucas,Beltrán,2001-03-29,176,76,12,Argentina,Fiorentina,true,56,79,69,74,70,76,64,48,68,78,76,68,78,76,80,75,82,70,78,69,75,75,41,81,75,76,82,76,76,6,14,10,14,8
Albert,Guðmundsson,1997-06-15,178,78,23,Iceland,Fiorentina,false,63,83,74,75,70,84,74,63,64,83,86,87,83,79,78,79,87,77,75,75,55,29,76,73,80,80,25,39,43,5,10,7,6,6
Maat,Daniel Caprini,2006-02-11,180,70,0.525,Italy,Fiorentina,false,51,59,42,59,50,61,48,40,56,58,67,66,56,59,58,53,44,59,48,42,42,29,61,58,50,51,34,33,32,12,14,15,9,11
Nicolò,Fagioli,2001-02-12,178,72,15.5,Italy,Fiorentina,true,69,52,58,83,68,81,79,68,83,85,73,75,76,74,77,76,69,75,62,72,80,68,70,80,80,76,85,76,76,7,10,8,10,13
Amir,Richardson,2002-01-24,195,79,7,Morocco,Fiorentina,false,54,63,58,76,55,74,69,43,72,74,63,81,67,71,54,72,70,73,63,74,43,74,72,71,69,66,70,63,63,12,11,12,5,10
Rolando,Mandragora,1997-06-29,183,75,12,Italy,Fiorentina,true,70,65,65,80,60,76,66,64,76,77,49,43,66,74,72,83,68,83,73,76,55,70,67,75,64,77,75,72,72,13,14,9,14,16
Andrea,Colpani,1999-05-11,184,75,21,Italy,Fiorentina,false,74,76,67,81,75,80,79,76,77,81,73,79,73,76,66,78,70,79,75,76,70,75,58,62,77,62,69,69,69,10,9,6,12,11
Cher,Ndour,2004-07-27,190,84,3.8,Italy,Fiorentina,false,60,59,61,74,49,73,65,54,72,75,49,60,57,70,48,74,70,80,61,73,51,71,68,73,70,55,59,56,56,10,13,11,7,13
Michael,Folorunsho,1998-02-07,185,78,9,Italy,Fiorentina,false,63,72,73,79,80,75,66,70,76,78,70,75,71,77,57,83,83,81,78,76,70,74,78,72,79,69,72,69,69,14,12,10,12,8
Edoardo,Bove,2002-05-16,175,64,12.5,Italy,Fiorentina,false,60,68,64,78,43,74,51,55,72,78,64,67,63,80,60,75,69,77,66,72,75,65,52,77,73,78,81,73,75,8,7,7,12,7
Tommaso,Rubino,2006-11-10,179,68,0.525,Italy,Fiorentina,false,40,61,42,61,47,59,42,40,56,61,65,66,61,56,48,39,59,42,42,42,26,58,58,56,51,30,33,32,32,15,14,14,5,5
Danilo,Cataldi,1994-08-06,180,70,9,Italy,Fiorentina,true,69,66,66,81,65,77,80,80,76,79,72,64,73,80,82,74,74,75,67,77,76,77,52,79,71,75,73,71,73,7,10,11,12,9
Yacine,Adli,2000-07-29,186,78,14.5,France,Fiorentina,false,74,66,62,81,68,77,77,75,85,80,72,69,71,78,72,73,69,74,71,80,60,81,75,71,67,75,75,68,73,14,12,9,10,14
Robin,Gosens,1994-07-05,183,76,15.5,Germany,Fiorentina,true,76,78,79,77,69,75,69,58,75,77,76,69,71,79,76,88,87,76,68,76,76,79,67,55,77,73,77,80,80,7,16,15,16,10
Fabiano,Parisi,2000-11-09,178,72,8,Italy,Fiorentina,false,75,60,50,74,65,79,72,70,71,74,76,75,74,78,78,72,75,71,74,73,72,69,56,55,72,75,74,73,73,11,10,11,13,9
Luca,Ranieri,1999-04-23,187,76,6.5,Italy,Fiorentina,true,62,37,76,68,36,66,61,41,61,74,62,76,61,76,72,54,75,53,60,34,80,77,57,42,48,79,76,75,75,14,8,7,8,9
Pablo,Marí Villar,1993-08-31,193,87,3.5,Spain,Fiorentina,true,32,38,77,68,28,49,27,30,61,60,49,59,42,71,31,49,78,56,78,40,74,76,34,34,31,74,77,75,75,6,14,7,13,12
Pietro,Comuzzo,2005-02-20,183,75,5,Italy,Fiorentina,false,42,26,69,58,24,48,30,20,66,66,53,61,44,75,54,38,67,66,66,22,75,75,26,44,24,77,76,74,74,14,8,15,7,6
Matías,Moreno,2003-09-24,193,81,1.2,Argentina,Fiorentina,false,29,20,69,40,32,30,26,34,49,58,58,54,59,58,63,45,75,65,76,22,54,64,32,34,44,65,68,64,64,14,9,12,6,7
Marin,Pongračić,1997-09-11,193,85,4.6,Croatia,Fiorentina,true,27,21,76,67,25,59,34,25,63,64,56,65,62,71,51,40,83,54,84,22,76,71,28,54,30,73,77,73,73,6,6,14,8,5
Domilson,Cordeiro dos Santos,1998-11-17,166,68,13,Brazil,Fiorentina,true,78,60,55,77,49,77,71,52,66,79,84,87,80,76,85,66,74,77,65,50,74,74,78,72,50,76,74,74,70,14,14,10,14,5
David,de Gea Quintana,1990-11-07,192,76,17.5,Spain,Fiorentina,true,17,13,18,40,13,18,21,19,39,32,47,45,60,85,40,52,57,30,38,12,15,21,9,38,29,45,15,16,13,85,76,69,84,87
Pietro,Terracciano,1990-03-08,193,78,1.2,Italy,Fiorentina,false,13,11,15,27,16,15,12,12,21,22,40,42,48,70,45,56,63,33,60,11,21,16,12,42,22,65,20,11,19,80,77,74,79,83
Tommaso,Martinelli,2006-01-06,196,90,0.8,Italy,Fiorentina,false,12,8,10,19,6,8,14,13,18,19,25,19,31,45,22,48,57,18,70,5,17,8,4,40,13,42,6,10,12,69,67,64,69,70
